證券代號,證券名稱,成交股數,成交金額,開盤價,最高價,最低價,收盤價,漲跌價差,成交筆數
"0050","元大台灣50","2249578","310815371","138.85","138.85","137.95","138.00","-0.3000","3350"
"0051","元大中型100","114084","6490829","56.50","57.10","56.50","56.85","0.7500","82"
"0052","富邦科技","738860","93449035","126.55","127.15","126.20","126.20","-0.3000","269"
"0053","元大電子","8204","548862","67.05","67.20","66.60","66.60","-0.3000","18"
"0054","元大台商50","1142","35961","31.50","31.50","31.50","31.50","-0.0500","6"
"0055","元大MSCI金融","105809","2212924","21.00","21.10","20.85","20.87","-0.1200","100"
"0056","元大高股息","4544274","158797759","35.00","35.00","34.89","34.91","0.0100","3564"
"0057","富邦摩台","21015","1984106","94.70","94.70","94.40","94.40","0.3500","6"
"0061","元大寶滬深","164255","3841501","23.49","23.49","23.31","23.31","-0.1300","91"
"006203","元大MSCI台灣","4000","263200","66.00","66.00","65.60","65.60","0.2000","4"
"006204","永豐臺灣加權","21470","1925665","89.65","89.70","89.65","89.70","0.3000","16"
"006205","富邦上証","1630638","61351693","37.83","38.00","37.46","37.60","-0.2300","488"
"006206","元大上證50","664075","24995933","38.03","38.06","37.42","37.48","-0.5200","249"
"006207","FH滬深","159194","4876184","30.70","30.78","30.54","30.60","-0.1000","37"
"006208","富邦台50","1237359","98217314","79.80","79.80","79.20","79.20","-0.4000","1183"
"00625K","富邦上証+R","","","","","","","0.0000",""
"00631L","元大台灣50正2","2211234","280948631","127.25","127.65","126.30","126.75","-0.4500","662"
"00632R","元大台灣50反1","60696844","342984111","5.64","5.67","5.64","5.65","0.0100","3120"
"00633L","富邦上証正2","9534673","629362822","67.45","67.70","65.20","65.75","-1.2500","2824"
"00634R","富邦上証反1","773301","2996251","3.84","3.89","3.84","3.89","0.0500","80"
"00635U","期元大S&P黃金","1291991","30871986","23.89","23.97","23.80","23.92","-0.4700","627"
"00636","國泰中國A50","2126624","57559409","27.32","27.37","26.94","27.05","-0.2700","897"
"00636K","國泰中國A50+U","","","","","","","0.0000",""
"00637L","元大滬深300正2","83458415","2184261874","26.69","26.76","25.78","25.90","-0.6000","16024"
"00638R","元大滬深300反1","2097193","16373542","7.71","7.85","7.70","7.80","0.0800","147"
"00639","富邦深100","1004623","16855784","16.71","16.93","16.68","16.80","0.0100","224"
"00640L","富邦日本正2","246000","7067080","29.00","29.00","28.60","28.69","-0.3700","39"
"00641R","富邦日本反1","261003","2764842","10.56","10.62","10.55","10.60","0.0800","52"
"00642U","期元大S&P石油","12826698","153972271","12.06","12.06","11.97","11.98","-0.2800","3204"
"00643","群益深証中小","509395","9138664","17.85","18.09","17.82","17.98","0.1300","184"
"00643K","群益深証中小+R","","","","","","","0.0000",""
"00645","富邦日本","150588","3843300","25.62","25.62","25.45","25.52","-0.1100","63"
"00646","元大S&P500","572928","20652432","35.97","36.10","35.97","36.07","0.1900","327"
"00647L","元大S&P500正2","117100","7361199","62.95","62.95","62.85","62.85","0.4000","12"
"00648R","元大S&P500反1","1703005","12421430","7.30","7.30","7.28","7.29","-0.0300","97"
"00650L","FH香港正2","1396001","42207750","29.88","30.40","29.83","30.21","0.5200","124"
"00651R","FH香港反1","29000","198290","6.82","6.88","6.80","6.83","-0.0500","12"
"00652","富邦印度","310867","8072391","26.11","26.13","25.73","25.73","-0.4600","119"
"00653L","富邦印度正2","515025","19486500","38.49","38.51","37.16","37.16","-1.2400","203"
"00654R","富邦印度反1","198000","1817180","9.18","9.27","9.11","9.27","0.1400","60"
"00655L","國泰中國A50正2","5139566","256097896","50.90","51.10","49.15","49.58","-0.9700","1670"
"00656R","國泰中國A50反1","163000","1162690","7.09","7.18","7.08","7.15","0.0600","25"
"00657","國泰日經225","121001","4260154","35.25","35.25","35.20","35.22","0.0700","6"
"00657K","國泰日經225+U","","","","","","","0.0000",""
"00660","元大歐洲50","24031","713536","29.68","29.81","29.64","29.64","0.0300","19"
"00661","元大日經225","2000","72840","36.33","36.51","36.33","36.51","0.0000","2"
"00662","富邦NASDAQ","269017","13615268","50.00","50.75","50.00","50.65","0.9900","171"
"00663L","國泰臺灣加權正2","34000","3892850","114.30","114.65","114.30","114.65","1.0500","11"
"00664R","國泰臺灣加權反1","5155971","33041557","6.41","6.43","6.40","6.41","0.0000","286"
"00665L","富邦恒生國企正2","87000","2087290","23.83","24.20","23.83","23.89","0.2900","42"
"00666R","富邦恒生國企反1","70000","774200","11.06","11.06","11.06","11.06","-0.0200","2"
"00668","國泰美國道瓊","45362","1545433","34.02","34.14","34.02","34.14","-0.0200","23"
"00668K","國泰美國道瓊+U","","","","","","","0.0000",""
"00669R","國泰美國道瓊反1","5331001","43652638","8.19","8.20","8.18","8.19","0.0200","240"
"00670L","富邦NASDAQ正2","761053","73772289","96.75","97.15","96.75","96.95","3.6000","250"
"00671R","富邦NASDAQ反1","4134520","23625116","5.71","5.72","5.70","5.72","-0.1000","325"
"00673R","期元大S&P原油反1","3356051","53325451","15.85","15.98","15.85","15.94","0.3400","365"
"00674R","期元大S&P黃金反1","699000","9337790","13.37","13.40","13.33","13.37","0.2800","173"
"00675L","富邦臺灣加權正2","269026","13234904","49.21","49.35","48.90","49.12","-0.0600","146"
"00676R","富邦臺灣加權反1","4880014","17065819","3.50","3.51","3.49","3.50","0.0000","298"
"00678","群益NBI生技","150999","4279014","28.16","28.40","28.16","28.39","0.2300","44"
"00680L","元大美債20正2","110000","2633160","23.88","24.04","23.84","24.01","0.8800","41"
"00681R","元大美債20反1","47000","647580","13.80","13.80","13.77","13.77","-0.2700","17"
"00682U","期元大美元指數","348000","6346100","18.17","18.27","18.17","18.24","0.1100","125"
"00683L","期元大美元指正2","2791000","47524070","17.02","17.10","17.00","17.10","0.3000","649"
"00684R","期元大美元指反1","2000","38000","18.97","19.03","18.97","19.03","0.0000","2"
"00685L","群益臺灣加權正2","8000","345200","43.20","43.20","43.05","43.05","-0.1500","3"
"00686R","群益臺灣加權反1","212000","807880","3.81","3.82","3.81","3.82","0.0100","8"
"00688L","國泰20年美債正2","334000","7995800","23.82","24.00","23.82","23.97","0.9100","30"
"00689R","國泰20年美債反1","182000","2629520","14.47","14.47","14.44","14.44","-0.2800","24"
"00690","兆豐藍籌30","11091","362919","32.76","32.76","32.63","32.63","-0.0400","16"
"00692","富邦公司治理","1290032","45803155","35.61","35.61","35.45","35.45","-0.1500","771"
"00693U","期街口S&P黃豆","2258659","46637741","20.61","20.78","20.52","20.53","-1.2200","1027"
"00700","富邦恒生國企","107053","2012198","18.82","18.89","18.79","18.79","0.1100","9"
"00701","國泰股利精選30","840455","20081529","24.00","24.00","23.86","23.86","-0.1400","583"
"00702","國泰標普低波高息","100046","2044948","20.44","20.44","20.44","20.44","-0.1800","13"
"00703","台新MSCI中國","56000","1362290","24.36","24.39","24.26","24.30","0.2200","15"
"00706L","期元大S&P日圓正2","30000","476660","15.87","15.91","15.87","15.91","0.1400","19"
"00707R","期元大S&P日圓反1","","","","","","","0.0000",""
"00708L","期元大S&P黃金正2","4814101","125106329","25.96","26.13","25.83","26.02","-1.0800","1513"
"00709","富邦歐洲","94001","2262474","24.07","24.07","24.02","24.02","-0.1000","12"
"00710B","FH彭博高收益債","972823","17931188","18.40","18.45","18.40","18.44","0.0500","130"
"00711B","FH彭博新興債","162862","3291726","20.15","20.26","20.15","20.26","0.1700","34"
"00712","FH富時不動產","7369583","108554525","14.84","14.84","14.69","14.74","-0.1300","3671"
"00713","元大台灣高息低波","49231","2106067","42.88","42.88","42.73","42.77","0.0400","43"
"00714","群益道瓊美國地產","16242","357514","21.98","22.07","21.98","22.05","0.1100","13"
"00715L","期街口布蘭特正2","54285838","452286775","8.40","8.41","8.26","8.30","-0.3800","6204"
"00717","富邦美國特別股","1010262","17093805","16.86","16.95","16.86","16.93","0.0900","218"
"00728","第一金工業30","115148","3277856","28.60","28.60","28.37","28.40","-0.1000","105"
"00730","富邦臺灣優質高息","354475","7596246","21.40","21.48","21.40","21.44","0.0200","134"
"00731","FH富時高息低波","264618","15137524","57.25","57.30","57.20","57.20","-0.3000","27"
"00732","國泰RMB短期報酬","100000","3941000","39.41","39.41","39.41","39.41","-0.0400","2"
"00733","富邦臺灣中小","909969","40955121","44.56","45.40","44.56","44.96","0.4200","537"
"00735","國泰臺韓科技","137000","4670580","34.12","34.12","34.00","34.00","0.0000","8"
"00736","國泰新興市場","127101","2992111","23.60","23.64","23.49","23.49","-0.1700","41"
"00737","國泰AI+Robo","92563","3046622","32.87","32.96","32.87","32.95","0.3500","71"
"00738U","期元大道瓊白銀","2065870","55758871","27.00","27.10","26.91","26.97","-1.0200","869"
"00739","元大MSCI A股","248164","6988406","28.21","28.30","28.03","28.15","-0.0600","69"
"00742","新光內需收益","60532","1362905","22.50","22.53","22.40","22.40","-0.1700","13"
"00743","國泰中國A150","140036","4119078","29.40","29.58","29.40","29.40","0.2200","11"
"00752","中信中國50","703085","20263308","28.62","28.96","28.62","28.82","0.2800","312"
"00753L","中信中國50正2","381000","13794190","35.95","36.42","35.90","36.22","0.6800","148"
"00757","統一FANG+","968154","45589650","47.10","47.14","47.00","47.12","1.1000","524"
"00762","元大全球AI","195640","7811786","39.92","39.97","39.88","39.93","0.7800","132"
"00763U","期街口道瓊銅","586851","16069501","27.38","27.45","27.30","27.35","-0.7300","331"
"00770","國泰北美科技","122505","4414200","35.94","36.06","35.94","36.03","0.8100","22"
"00771","元大US高息特別股","85011","1632971","19.15","19.25","19.15","19.25","0.1400","53"
"00774B","新光中國政金綠債","2073","80638","38.90","38.90","38.90","38.90","0.0100","3"
"00774C","新光中政金綠債+R","","","","","","","0.0000",""
"00775B","新光投等債15+","2001","83641","41.80","41.80","41.80","41.80","0.5400","3"
"00783","富邦中証500","471509","10484364","22.20","22.27","22.17","22.26","0.0600","22"
"008201","BP上證50","","","","","","","0.0000",""
"00830","國泰費城半導體","1342091","38112571","28.36","28.44","28.33","28.41","0.4400","580"
"00850","元大臺灣ESG永續","594253","20520000","34.66","34.66","34.44","34.50","-0.0600","429"
"00851","台新全球AI","22334","705960","31.57","31.67","31.57","31.63","0.8800","14"
"00852L","國泰美國道瓊正2","1986400","39676681","19.96","20.01","19.95","19.97","-0.0900","218"
"00861","元大全球未來通訊","506306","14660188","28.97","28.98","28.93","28.94","0.2200","212"
"00865B","國泰US短期公債","208042","7635511","36.49","36.71","36.49","36.71","0.2100","9"
"00875","國泰網路資安","852253","27521411","32.17","32.34","32.17","32.30","0.5100","389"
"00876","元大未來關鍵科技","1178718","34217639","29.00","29.07","28.99","29.02","0.2100","458"
"00878","國泰永續高股息","4728295","86629848","18.36","18.37","18.28","18.30","-0.0500","2657"
"00881","國泰台灣5G+","15440175","274906533","17.84","17.85","17.73","17.73","-0.0600","5503"
"00882","中信中國高股息","24901430","389226484","15.70","15.71","15.59","15.63","-0.0800","12932"
"00885","富邦越南","20121424","325346047","16.02","16.24","16.02","16.20","0.2600","5270"
"00891","中信關鍵半導體","12207947","191364119","15.68","15.73","15.62","15.63","0.0100","4254"
"00892","富邦台灣半導體","25321084","394529858","15.60","15.62","15.54","15.54","0.0300","7812"
"01001T","土銀富邦R1","314001","5540729","17.64","17.66","17.64","17.64","-0.0100","13"
"01002T","土銀國泰R1","33101","587134","17.75","17.78","17.69","17.69","0.0000","20"
"01003T","兆豐新光R1","11001","210520","19.13","19.20","19.13","19.20","0.0600","5"
"01004T","土銀富邦R2","7501","120587","16.01","16.01","16.01","16.01","0.0100","6"
"01007T","兆豐國泰R2","26001","508671","19.50","19.59","19.50","19.59","0.0000","14"
"01009T","王道圓滿R1","151000","1376330","9.13","9.13","9.10","9.12","-0.0100","22"
"01010T","京城樂富R1","63092","684561","10.85","10.86","10.85","10.85","0.0000","15"
"020000","富邦特選蘋果N","4000","30520","7.63","7.63","7.63","7.63","-0.0200","4"
"020002","元富新中國N","1000","19430","19.43","19.43","19.43","19.43","0.0500","1"
"020004","兆豐電菁英30N","","","","","","","0.0000",""
"020006","永昌中小300N","","","","","","","0.0000",""
"020007","凱基臺灣500N","","","","","","","0.0000",""
"020008","元大特股高息N","5000","59920","11.99","11.99","11.98","11.98","0.0000","4"
"020011","統一微波高息20N","14000","88540","6.33","6.33","6.31","6.31","-0.0300","5"
"020012","富邦行動通訊N","17000","105560","6.21","6.21","6.20","6.21","0.0000","8"
"020015","統一MSCI美低波N","","","","","","","0.0000",""
"020016","統一MSCI美科技N","15000","282750","18.85","18.85","18.85","18.85","0.4000","1"
"020018","統一價值成長30N","29000","505710","17.46","17.46","17.40","17.45","0.2400","11"
"020019","統一特選台灣5GN","123000","1739760","14.22","14.22","14.09","14.09","-0.0400","31"
"02001L","富邦蘋果正二N","25000","312250","12.49","12.49","12.49","12.49","0.0000","1"
"02001R","富邦蘋果反一N","","","","","","","0.0000",""
"020020","元大台股領航N","893000","6502510","7.32","7.32","7.26","7.28","-0.0200","355"
"020022","元大電動車N","3914000","22694230","5.80","5.83","5.75","5.76","-0.0300","623"
"1101","台泥","24209277","1236734265","51.30","51.40","51.00","51.00","-0.5000","9442"
"1101B","台泥乙特","2001","107653","53.80","53.80","53.80","53.80","0.0000","3"
"1102","亞泥","21127559","1066291821","50.80","51.10","50.20","50.40","-0.7000","7133"
"1103","嘉泥","731028","16126614","22.20","22.25","22.00","22.00","-0.2000","383"
"1104","環泥","601115","13770244","23.10","23.10","22.80","23.00","0.0000","376"
"1108","幸福","1018862","13787305","13.60","13.65","13.45","13.45","-0.2000","484"
"1109","信大","361390","9079925","25.30","25.30","25.05","25.10","-0.2000","224"
"1110","東泥","333274","5176655","15.65","15.65","15.40","15.50","-0.1500","110"
"1201","味全","1478262","31592375","21.50","21.50","21.30","21.30","-0.2000","619"
"1203","味王","40235","1416938","35.25","35.30","35.15","35.20","-0.1000","43"
"1210","大成","2085555","122426070","58.90","59.10","58.40","59.10","0.1000","1615"
"1213","大飲","","","","","","","0.0000",""
"1215","卜蜂","1521181","126799445","83.90","84.00","82.80","83.20","-0.1000","1349"
"1216","統一","13836253","1014951551","72.80","73.70","72.40","73.70","0.5000","3072"
"1217","愛之味","7359706","86197449","11.90","11.95","11.60","11.60","-0.2500","2623"
"1218","泰山","685812","19898240","29.05","29.15","28.95","29.05","0.0000","462"
"1219","福壽","960472","22752701","23.95","23.95","23.55","23.65","-0.1500","473"
"1220","台榮","801166","13431712","16.85","16.95","16.65","16.80","-0.0500","382"
"1225","福懋油","307624","14219327","45.70","46.75","45.40","46.40","0.6000","249"
"1227","佳格","1446745","77343867","53.50","53.90","53.20","53.90","0.2000","1217"
"1229","聯華","1924364","94778683","49.30","49.45","48.90","49.45","0.3500","1335"
"1231","聯華食","262670","16019371","61.10","61.40","60.80","61.00","-0.3000","350"
"1232","大統益","80449","13276208","165.00","165.00","164.50","165.00","-0.5000","289"
"1233","天仁","7104","246726","34.65","34.85","34.60","34.85","-0.1500","14"
"1234","黑松","182835","6422477","35.20","35.25","35.05","35.20","0.0000","130"
"1235","興泰","21023","659851","31.60","31.65","31.05","31.20","-1.1000","25"
"1236","宏亞","70116","1098354","15.70","15.85","15.50","15.65","-0.0500","79"
"1256","鮮活果汁-KY","47675","21060701","434.50","449.00","434.50","447.00","13.0000","311"
"1301","台塑","13397548","1362537957","102.50","103.00","101.00","102.00","-1.5000","4584"
"1303","南亞","22062592","1821867438","84.10","84.50","82.10","82.30","-2.6000","7698"
"1304","台聚","14388197","518021831","36.20","36.60","35.70","35.80","-1.0500","6968"
"1305","華夏","5430839","197319587","36.50","36.60","36.05","36.20","-0.6000","3220"
"1307","三芳","373613","8465376","22.60","23.00","22.45","22.90","0.2500","178"
"1308","亞聚","9469531","304381312","32.65","32.85","31.80","31.90","-1.1000","4294"
"1309","台達化","4841577","204429049","42.80","42.80","42.00","42.10","-0.7500","2674"
"1310","台苯","4230745","86901429","21.00","21.00","20.25","20.30","-0.6000","1702"
"1312","國喬","17019930","498876094","29.65","29.95","29.10","29.10","-0.4500","5367"
"1312A","國喬特","3000","105000","35.10","35.10","34.80","35.10","0.1000","3"
"1313","聯成","16108866","414743556","26.30","26.35","25.50","25.60","-0.7000","6333"
"1314","中石化","44888023","594293295","13.45","13.50","13.15","13.15","-0.3000","11367"
"1315","達新","98181","7375337","75.10","75.30","74.90","75.30","0.0000","108"
"1316","上曜","827911","9651227","11.90","11.90","11.55","11.55","-0.2000","349"
"1319","東陽","3104349","102112642","33.15","33.20","32.60","32.60","-0.5000","1879"
"1321","大洋","290100","10803740","37.30","37.80","36.85","37.40","0.1000","218"
"1323","永裕","225174","7721199","34.05","34.95","34.00","34.95","0.7000","124"
"1324","地球","63035","683830","11.00","11.00","10.70","11.00","0.0500","36"
"1325","恆大","546381","48119522","87.60","88.80","87.60","88.10","0.2000","524"
"1326","台化","12095134","1011079109","85.00","85.00","83.30","83.30","-2.0000","5143"
"1337","再生-KY","820209","6322317","7.73","7.75","7.68","7.70","-0.0600","438"
"1338","廣華-KY","187340","12015936","64.10","64.50","63.90","63.90","-0.4000","166"
"1339","昭輝","81000","3070600","37.75","38.20","37.70","38.00","0.2500","67"
"1340","勝悅-KY","336811","3753206","11.30","11.30","10.95","11.15","-0.1000","277"
"1341","富林-KY","60004","4773614","80.00","80.60","79.00","79.90","0.3000","32"
"1342","八貫","89419","4809395","53.00","54.70","53.00","53.70","0.9000","80"
"1402","遠東新","14254219","444597427","31.60","31.80","31.05","31.05","-0.7500","3793"
"1409","新纖","11624171","250136357","21.95","21.95","21.20","21.20","-0.5500","4329"
"1410","南染","10125","351218","34.40","35.00","34.40","34.65","0.0000","12"
"1413","宏洲","657957","7574560","11.90","11.90","11.35","11.35","-0.4000","289"
"1414","東和","1270652","21725022","17.40","17.40","17.00","17.05","-0.1500","597"
"1416","廣豐","274014","3072450","11.25","11.30","11.10","11.15","-0.1000","144"
"1417","嘉裕","817568","12575783","15.50","15.60","15.20","15.30","-0.3000","366"
"1418","東華","1615","17915","11.15","11.15","11.15","11.15","0.0500","9"
"1419","新紡","76967","3020706","39.50","39.70","38.90","39.20","-0.7000","79"
"1423","利華","288663","6311245","21.60","22.10","21.55","21.90","0.3000","173"
"1432","大魯閣","66221","905222","13.65","13.80","13.55","13.70","0.0500","184"
"1434","福懋","5137354","162513945","31.30","32.20","31.20","31.35","-0.0500","2166"
"1435","中福","95942","1899151","20.55","20.55","19.30","19.90","-0.4000","55"
"1436","華友聯","31027","1229674","39.55","39.85","39.50","39.85","0.1000","24"
"1437","勤益控","116502","2934500","25.15","25.30","25.10","25.30","0.1500","68"
"1438","三地開發","11100","335339","30.40","30.60","30.00","30.60","-0.3000","10"
"1439","中和","55712","1377564","24.65","24.85","24.65","24.70","-0.5500","36"
"1440","南紡","18751826","504351227","27.60","27.60","26.60","26.75","-0.4500","7594"
"1441","大東","797753","9370337","11.80","12.00","11.50","11.55","-0.1500","358"
"1442","名軒","745335","13040442","17.65","17.65","17.45","17.50","-0.1500","70"
"1443","立益","187549","2704304","14.50","14.60","14.20","14.50","-0.0500","85"
"1444","力麗","4334245","54450687","12.70","12.70","12.50","12.55","-0.1000","1667"
"1445","大宇","72030","867761","12.10","12.10","12.00","12.05","-0.1000","39"
"1446","宏和","164614","5213309","32.00","32.15","31.55","31.55","-0.4500","107"
"1447","力鵬","6363521","79755914","12.65","12.70","12.40","12.50","-0.1500","1785"
"1449","佳和","172342","2666109","15.95","15.95","15.25","15.50","-0.4500","105"
"1451","年興","516791","10918814","21.35","21.45","21.00","21.00","-0.4000","326"
"1452","宏益","1559339","39868049","26.00","26.10","25.35","25.40","-0.4500","764"
"1453","大將","82965","769255","9.36","9.38","9.22","9.25","-0.1100","59"
"1454","台富","132063","1356795","10.35","10.45","10.20","10.25","0.0000","51"
"1455","集盛","14702012","382365227","26.10","26.40","25.50","26.40","0.4000","7088"
"1456","怡華","886946","17291188","18.95","20.00","18.90","19.20","0.5500","464"
"1457","宜進","1511926","27484355","18.35","18.40","18.10","18.10","-0.2500","727"
"1459","聯發","1641406","22831990","14.30","14.30","13.75","13.95","-0.3000","595"
"1460","宏遠","3577140","38868024","11.20","11.40","10.60","10.70","-0.4000","1463"
"1463","強盛","1402117","22134050","15.95","16.20","15.35","15.40","-0.3000","716"
"1464","得力","598665","10386571","17.35","17.50","17.25","17.40","0.0500","351"
"1465","偉全","27260","352439","12.95","12.95","12.90","12.95","0.0000","44"
"1466","聚隆","10950919","204600217","18.40","19.10","17.75","18.85","0.4500","1936"
"1467","南緯","800676","13353834","16.70","16.95","16.55","16.60","-0.1000","343"
"1468","昶和","40400","493509","12.20","12.30","12.05","12.05","-0.1500","36"
"1470","大統新創","16106","260067","15.95","16.30","15.95","16.25","0.0500","16"
"1471","首利","2805764","27497515","9.21","10.10","9.12","10.10","0.8900","1140"
"1472","三洋紡","52024","521740","10.30","10.30","10.00","10.00","-0.3000","31"
"1473","台南","103752","1881319","18.00","18.20","18.00","18.20","0.0500","72"
"1474","弘裕","1195508","19482266","16.30","16.45","16.15","16.15","0.0000","542"
"1475","業旺","30626","1150960","37.50","38.00","37.00","37.90","0.4000","24"
"1476","儒鴻","1436989","901238366","623.00","636.00","621.00","624.00","-5.0000","1124"
"1477","聚陽","2717098","713577517","266.00","267.00","260.50","261.50","-3.0000","2094"
"1503","士電","520822","27470281","52.30","53.00","52.20","53.00","0.8000","320"
"1504","東元","4417695","143382300","33.00","33.05","32.40","32.40","-0.5500","1107"
"1506","正道","880182","8982985","9.84","10.45","9.83","10.30","0.5000","379"
"1507","永大","60395","3735932","62.00","62.00","61.70","61.80","-0.3000","63"
"1512","瑞利","95208","416402","4.36","4.48","4.36","4.48","0.0800","42"
"1513","中興電","5325496","271275076","51.70","51.80","50.40","50.40","-0.9000","2306"
"1514","亞力","732073","18382070","25.15","25.35","25.00","25.05","0.0000","384"
"1515","力山","1707490","134363097","77.60","79.50","77.50","78.90","1.5000","1156"
"1516","川飛","57590","1263839","22.25","22.25","21.80","21.80","-0.2000","28"
"1517","利奇","2056779","53287850","26.45","26.45","25.60","25.60","-0.5500","1054"
"1519","華城","531915","22604320","43.05","43.20","42.10","42.30","-0.4000","400"
"1521","大億","47545","2179729","45.80","46.50","45.70","45.80","0.1000","41"
"1522","堤維西","280047","6023539","21.50","21.70","21.45","21.50","0.0000","199"
"1524","耿鼎","463026","4826576","10.60","10.60","10.35","10.35","-0.1500","228"
"1525","江申","102225","6993226","68.50","68.90","68.00","68.40","-0.4000","85"
"1526","日馳","309407","15457237","51.00","51.00","49.60","49.70","-0.4000","237"
"1527","鑽全","1138584","54960105","49.05","49.05","48.00","48.00","-0.7500","868"
"1528","恩德","1669808","18978808","11.60","11.60","11.20","11.25","-0.3500","618"
"1529","樂士","116407","1964387","17.00","17.00","16.75","16.85","-0.1500","65"
"1530","亞崴","37105","1335024","36.00","36.00","35.95","36.00","0.1000","31"
"1531","高林股","187294","2740049","14.65","14.70","14.60","14.65","-0.1000","108"
"1532","勤美","699479","22731336","32.55","32.65","32.30","32.65","0.0500","292"
"1533","車王電","288763","15156735","53.20","53.20","52.00","52.40","-0.7000","247"
"1535","中宇","38010","1411878","37.10","37.40","37.05","37.40","0.0500","36"
"1536","和大","1162546","113843145","97.00","98.90","96.50","98.90","1.9000","853"
"1537","廣隆","150891","22426132","150.00","150.00","148.00","149.50","0.5000","140"
"1538","正峰","1463","17936","12.15","12.15","12.15","12.15","-0.8500","6"
"1539","巨庭","49005","896741","18.60","18.60","18.15","18.45","0.0000","28"
"1540","喬福","271758","4497288","16.25","16.65","16.25","16.60","0.3500","170"
"1541","錩泰","47000","2370400","51.00","51.20","49.80","50.00","-0.1000","29"
"1558","伸興","110242","18598423","169.00","169.50","168.00","168.50","0.0000","137"
"1560","中砂","413033","27612964","66.60","67.10","66.50","67.10","0.7000","293"
"1568","倉佑","1214867","30971059","24.65","25.90","24.60","25.70","1.1500","368"
"1582","信錦","238788","20194657","85.00","85.00","84.30","84.80","0.2000","226"
"1583","程泰","6000","381000","63.40","63.70","63.40","63.70","0.5000","4"
"1587","吉茂","230343","6469055","28.30","28.30","28.00","28.10","-0.2000","110"
"1589","永冠-KY","703135","52141066","74.30","74.90","73.90","73.90","-0.4000","388"
"1590","亞德客-KY","565295","561166669","989.00","1020.00","982.00","987.00","-8.0000","533"
"1597","直得","3203328","349249963","104.00","112.00","104.00","108.00","5.0000","2372"
"1598","岱宇","5160835","551672390","105.00","109.50","104.00","108.50","6.0000","3180"
"1603","華電","1025118","31577672","30.80","31.15","30.40","30.40","-0.4000","588"
"1604","聲寶","719173","21273340","29.60","29.65","29.55","29.60","-0.1000","380"
"1605","華新","36277626","905263070","25.35","25.50","24.75","24.75","-0.6000","12163"
"1608","華榮","8725736","219998894","25.85","25.85","25.00","25.00","-0.9500","3825"
"1609","大亞","18516158","515475525","28.50","28.55","27.50","27.55","-0.9000","8795"
"1611","中電","675754","7728326","11.50","11.50","11.40","11.50","0.0000","255"
"1612","宏泰","9542770","253578389","26.60","27.20","26.05","26.15","-0.6000","3561"
"1614","三洋電","46008","1571324","34.20","34.30","34.10","34.15","-0.0500","42"
"1615","大山","446414","17940089","40.45","40.90","39.95","40.20","-0.3500","316"
"1616","億泰","1230968","11092864","9.00","9.10","8.98","9.00","-0.1200","443"
"1617","榮星","453238","8397094","18.60","18.80","18.35","18.40","-0.6000","264"
"1618","合機","2970284","51196298","17.85","17.85","17.00","17.00","-0.7000","1414"
"1626","艾美特-KY","76033","1912355","25.00","25.45","25.00","25.15","-0.0500","66"
"1701","中化","4364313","107478311","24.10","25.00","24.10","24.60","0.5000","2089"
"1702","南僑","949917","49211964","52.10","52.30","51.50","51.50","-0.6000","736"
"1707","葡萄王","320338","54250591","170.50","171.00","168.50","168.50","-1.5000","257"
"1708","東鹼","21465466","640834166","28.45","30.95","28.20","30.20","2.0000","8364"
"1709","和益","4033402","82385051","20.80","20.80","20.25","20.25","-0.5500","1528"
"1710","東聯","7250206","153283873","21.95","21.95","20.80","20.95","-1.0000","2486"
"1711","永光","2883964","55253535","19.30","19.35","19.05","19.10","-0.1500","1463"
"1712","興農","503844","11121625","22.10","22.15","22.05","22.05","-0.1000","267"
"1713","國化","332509","8249591","25.35","25.40","24.40","24.90","-0.5000","161"
"1714","和桐","9363983","110599887","11.80","12.00","11.70","11.70","-0.1000","2411"
"1717","長興","4291875","171363056","40.10","40.30","39.75","40.00","-0.1000","2145"
"1718","中纖","12026101","130017007","11.05","11.05","10.70","10.75","-0.2500","3641"
"1720","生達","449128","17839152","39.75","39.95","39.55","39.60","-0.1000","235"
"1721","三晃","285727","2834037","10.00","10.00","9.88","9.91","-0.0600","140"
"1722","台肥","3032084","173988956","57.90","58.00","57.10","57.10","-1.4000","1262"
"1723","中碳","236023","25683691","109.50","109.50","108.50","108.50","-0.5000","229"
"1724","台硝","165918","2621597","15.80","15.85","15.75","15.75","-0.0500","57"
"1725","元禎","113001","2292920","20.70","20.70","20.05","20.15","-0.5500","96"
"1726","永記","34130","2538983","74.50","74.80","74.30","74.50","0.1000","32"
"1727","中華化","686643","10269610","14.90","15.40","14.65","14.70","0.0000","378"
"1730","花仙子","225088","15380957","68.50","69.00","68.00","68.70","0.2000","250"
"1731","美吾華","514530","10426411","20.30","20.40","20.20","20.25","-0.1000","276"
"1732","毛寶","987300","35756100","36.40","36.85","35.75","35.95","-0.4500","714"
"1733","五鼎","188099","4628636","24.80","24.80","24.55","24.55","-0.2500","136"
"1734","杏輝","836496","25215964","30.25","30.50","30.00","30.05","-0.2000","549"
"1735","日勝化","19007","346277","18.20","18.30","18.15","18.15","-0.1500","16"
"1736","喬山","233820","18622513","80.00","80.10","79.40","79.60","-0.3000","219"
"1737","臺鹽","262691","8529382","32.40","32.65","32.40","32.65","0.2000","176"
"1760","寶齡富錦","4405683","501002234","114.00","116.00","111.50","114.00","2.0000","3152"
"1762","中化生","614308","39824452","64.80","65.30","64.20","64.70","0.0000","431"
"1773","勝一","413911","51583346","126.00","126.00","123.50","124.00","-2.0000","389"
"1776","展宇","19004","335420","17.70","17.75","17.60","17.75","-0.0500","15"
"1783","和康生","372076","12971119","34.65","35.65","34.40","35.00","0.6500","231"
"1786","科妍","29771","1598906","54.00","54.00","53.50","53.80","-0.1000","32"
"1789","神隆","1772157","47778858","27.45","27.45","26.60","26.60","-0.7500","758"
"1795","美時","922656","78339875","85.20","85.80","84.10","84.90","-0.7000","731"
"1802","台玻","41285580","1357202859","33.55","33.80","32.50","32.50","-0.8500","15277"
"1805","寶徠","124301","1701657","13.65","13.85","13.50","13.55","-0.1000","69"
"1806","冠軍","4606273","56721579","12.50","12.55","12.00","12.00","-0.3500","1238"
"1808","潤隆","114076","6489843","55.30","57.90","55.30","57.90","1.9000","97"
"1809","中釉","2420553","36662163","15.45","15.50","15.00","15.00","-0.4500","1033"
"1810","和成","1003000","11777793","11.85","12.00","11.65","11.65","-0.2000","466"
"1817","凱撒衛","72243","2709991","37.55","37.60","37.40","37.45","-0.5500","58"
"1903","士紙","755680","43172111","56.20","57.80","56.00","57.50","1.1000","508"
"1904","正隆","4188300","184409450","43.80","44.50","43.60","44.30","0.2500","2446"
"1905","華紙","17714347","480073071","27.20","27.55","26.90","27.20","-0.3000","7951"
"1906","寶隆","1886502","38415443","20.20","20.55","20.15","20.40","0.0500","244"
"1907","永豐餘","15468744","673309915","44.30","44.30","43.20","43.25","-1.0500","8402"
"1909","榮成","10732344","278963274","25.90","26.20","25.70","26.20","0.1500","4348"
"2002","中鋼","157041761","5567400766","35.80","35.95","35.00","35.00","-0.4500","42670"
"2002A","中鋼特","2150","110935","51.60","51.60","51.60","51.60","0.0000","4"
"2006","東和鋼鐵","10297927","496770496","47.95","48.80","47.90","47.95","-0.1500","4963"
"2007","燁興","3452753","50080401","14.55","14.80","14.30","14.35","-0.2000","1578"
"2008","高興昌","592990","10992719","18.60","19.10","18.25","18.60","0.1000","314"
"2009","第一銅","17244492","1036562445","60.50","61.10","59.20","59.40","-1.9000","10000"
"2010","春源","60348270","1421171950","22.40","24.55","22.30","23.65","1.2500","21873"
"2012","春雨","1801909","50841291","28.45","28.70","27.70","27.90","-0.5500","1103"
"2013","中鋼構","799558","33753904","42.10","42.45","42.10","42.20","-0.0500","558"
"2014","中鴻","112169354","5729650461","51.40","52.30","50.00","50.00","-0.8000","49196"
"2015","豐興","2347677","170903964","73.00","74.30","71.80","74.30","1.2000","1326"
"2017","官田鋼","12107429","276133296","22.65","23.30","22.25","22.25","-0.3500","4048"
"2020","美亞","2592644","80744457","31.50","31.55","30.90","30.90","-0.5000","1372"
"2022","聚亨","14465822","220939827","15.25","15.50","15.00","15.10","-0.3000","5327"
"2023","燁輝","25979057","605741590","23.25","23.80","23.00","23.10","-0.1000","9264"
"2024","志聯","252469","4330723","17.55","17.55","17.00","17.10","-0.4500","172"
"2025","千興","676002","2569738","3.90","3.90","3.75","3.80","-0.1000","110"
"2027","大成鋼","34562714","1579690824","45.70","46.40","45.10","45.50","-0.4500","15174"
"2028","威致","5494858","258238279","46.45","48.00","45.55","47.20","0.9000","3194"
"2029","盛餘","3864966","144186695","37.15","37.95","36.70","37.00","-0.1500","1976"
"2030","彰源","18349534","425069541","23.50","23.85","22.80","22.80","-0.8500","6194"
"2031","新光鋼","7023730","454885053","64.50","65.80","64.20","64.30","-0.4000","3812"
"2032","新鋼","1446153","29038316","20.25","20.30","19.90","19.95","-0.3000","658"
"2033","佳大","733510","13091632","18.10","18.15","17.35","17.75","-0.1500","352"
"2034","允強","4002761","121217865","30.60","30.65","30.15","30.30","-0.3500","2278"
"2038","海光","9778651","467254487","47.40","48.40","46.45","48.15","0.9500","5444"
"2049","上銀","3723777","1480141414","386.00","402.00","385.50","400.00","16.5000","2554"
"2059","川湖","337749","135824636","405.00","409.00","395.50","395.50","-7.0000","319"
"2062","橋椿","131000","3630600","27.55","27.95","27.55","27.70","0.2500","78"
"2069","運錩","5742336","157518303","27.75","28.00","26.95","27.05","-1.0500","2606"
"2101","南港","1035547","39685028","38.30","38.60","38.05","38.45","0.1500","493"
"2102","泰豐","3054543","86452760","28.05","28.75","27.80","28.65","0.3500","1542"
"2103","台橡","10765294","370617265","35.10","35.20","34.05","34.05","-1.4500","4706"
"2104","國際中橡","2530206","64293037","25.65","25.65","25.30","25.40","-0.1500","997"
"2105","正新","22554642","1006252836","45.30","45.60","44.40","44.45","-0.8500","5742"
"2106","建大","1143682","45616607","40.10","40.20","39.65","40.05","-0.1500","610"
"2107","厚生","494778","12117176","24.70","24.70","24.45","24.45","-0.1000","261"
"2108","南帝","9918306","1394316559","142.00","144.00","137.00","144.00","3.0000","5662"
"2109","華豐","375584","6878043","18.15","18.50","18.15","18.25","-0.0500","205"
"2114","鑫永銓","74759","9779930","131.50","132.00","130.00","130.50","-1.0000","75"
"2115","六暉-KY","20156","942958","46.85","46.85","46.70","46.80","0.0000","19"
"2201","裕隆","6920725","280414744","40.10","40.90","40.00","40.50","0.3000","2414"
"2204","中華","2628420","190828347","73.00","73.00","72.30","72.30","-0.5000","1196"
"2206","三陽工業","1397636","40973727","29.35","29.50","29.05","29.50","0.2000","689"
"2207","和泰車","361009","208053498","577.00","584.00","574.00","576.00","-5.0000","295"
"2208","台船","132012812","3797952046","27.25","29.40","27.05","28.30","1.2000","51246"
"2211","長榮鋼","1763230","97418770","56.00","56.00","54.60","55.40","-1.0000","1249"
"2227","裕日車","111291","29726579","269.00","269.00","266.00","266.00","-5.5000","200"
"2228","劍麟","218992","15260208","70.00","70.40","69.50","69.70","-0.3000","184"
"2231","為升","761176","146109544","191.50","194.00","189.00","193.00","3.0000","737"
"2233","宇隆","898762","113641196","128.00","129.00","125.00","125.00","-1.5000","728"
"2236","百達-KY","21000","572700","26.90","27.75","26.70","27.70","0.6500","17"
"2239","英利-KY","568297","51475909","93.20","93.70","89.20","90.00","-3.8000","459"
"2241","艾姆勒","79583","4395850","55.10","55.50","54.90","54.90","-0.2000","64"
"2243","宏旭-KY","117000","1335200","11.85","11.85","11.25","11.40","-0.2000","72"
"2247","汎德永業","117193","26496729","225.00","227.00","224.50","227.00","2.0000","146"
"2250","IKKA-KY","1208766","232518760","192.00","198.00","187.00","195.50","7.0000","1099"
"2301","光寶科","13456686","881704786","66.50","67.30","64.90","64.90","-1.4000","4379"
"2302","麗正","385152","6769617","17.80","17.80","17.30","17.65","-0.1000","215"
"2303","聯電","128892107","6814653443","53.60","53.80","52.20","52.20","-1.1000","40083"
"2305","全友","527019","4584054","8.78","8.78","8.66","8.69","-0.0100","173"
"2308","台達電","10188731","3068928762","301.00","307.00","299.00","299.50","0.0000","5832"
"2312","金寶","6682936","89155938","13.50","13.50","13.25","13.30","-0.1000","1888"
"2313","華通","15941004","654931959","41.20","41.75","40.55","40.55","-0.4500","8240"
"2314","台揚","27154441","1436915629","53.50","55.20","50.80","52.20","-1.3000","12049"
"2316","楠梓電","403542","11925006","29.95","29.95","29.30","29.30","-0.6500","292"
"2317","鴻海","30836806","3448966642","112.50","113.00","111.50","111.50","-1.5000","12120"
"2321","東訊","9354","68460","7.50","7.50","7.23","7.23","-0.2700","12"
"2323","中環","9906239","99216911","10.15","10.15","9.95","9.95","-0.2000","1931"
"2324","仁寶","26601108","613267869","23.40","23.40","22.90","23.05","0.0000","4953"
"2327","國巨","8261276","4507559424","550.00","555.00","540.00","540.00","-5.0000","8045"
"2328","廣宇","47520629","1988937447","40.45","42.75","40.30","42.40","1.9500","24026"
"2329","華泰","48730164","1031218136","20.85","21.70","20.50","21.15","0.4500","15716"
"2330","台積電","42036170","25373026235","608.00","608.00","601.00","603.00","-3.0000","16899"
"2331","精英","2209783","49880316","22.60","22.85","22.30","22.50","-0.1000","1039"
"2332","友訊","2864237","54582422","19.10","19.35","18.80","18.80","-0.3500","1160"
"2337","旺宏","45101123","2041262828","45.45","45.65","44.85","45.10","0.4000","20885"
"2338","光罩","18660176","1661278999","90.80","91.00","87.50","87.50","-2.1000","12087"
"2340","光磊","6542131","168827609","25.90","26.20","25.55","25.55","-0.2000","2236"
"2342","茂矽","5079251","178494553","34.50","35.95","34.00","35.25","1.0500","2905"
"2344","華邦電","89734221","3113917994","34.60","35.20","34.30","34.55","0.1000","32898"
"2345","智邦","3636973","1070433760","293.50","297.00","290.00","295.00","2.0000","2034"
"2347","聯強","21096639","1093273440","53.00","53.10","51.50","51.50","-1.5000","7764"
"2348","海悅","130885","12702990","96.60","97.50","96.60","97.20","-0.2000","154"
"2349","錸德","2545194","24661300","9.80","9.80","9.61","9.64","-0.1300","992"
"2351","順德","15718050","1743619047","110.00","115.00","106.50","111.00","1.0000","10706"
"2352","佳世達","8457331","256133123","30.30","30.60","30.05","30.10","0.0000","2795"
"2353","宏碁","25828659","823943775","31.55","32.10","31.40","32.05","0.4500","7788"
"2354","鴻準","9004376","591664103","65.30","66.40","65.20","65.70","0.7000","4215"
"2355","敬鵬","1583595","49026885","30.80","31.20","30.70","31.10","0.6000","939"
"2356","英業達","21354271","555668185","26.20","26.35","25.65","26.15","0.0500","7185"
"2357","華碩","4331962","1671187042","388.50","389.00","385.00","385.00","-3.0000","2705"
"2358","廷鑫","1865905","27653921","14.65","15.15","14.65","14.75","0.1500","739"
"2359","所羅門","187835","3246675","17.50","17.50","17.20","17.35","-0.0500","96"
"2360","致茂","588125","114944058","199.50","199.50","194.50","194.50","-3.5000","296"
"2362","藍天","1107375","33304989","29.95","30.25","29.95","30.25","0.1000","403"
"2363","矽統","11082010","239538298","22.00","22.00","21.40","21.40","-0.5000","4378"
"2364","倫飛","109626","341102","3.14","3.14","3.11","3.11","0.0400","34"
"2365","昆盈","1330495","16464053","12.70","12.70","12.20","12.20","-0.3000","522"
"2367","燿華","6078310","135750730","22.45","22.50","22.15","22.15","-0.1000","2449"
"2368","金像電","28619320","1709189720","59.80","61.40","58.10","58.20","-1.1000","13588"
"2369","菱生","50662350","1007784268","20.50","20.60","19.35","19.45","-1.3500","17700"
"2371","大同","8904790","223404636","25.45","25.50","24.90","24.90","-0.4500","3246"
"2373","震旦行","35797","3288722","91.90","92.40","91.70","91.90","-0.6000","43"
"2374","佳能","692626","10672459","15.45","15.50","15.35","15.45","0.0000","226"
"2375","凱美","29752115","3541815101","118.50","123.00","115.50","117.00","-0.5000","19646"
"2376","技嘉","28766738","3519579929","118.00","125.00","117.00","125.00","9.0000","16804"
"2377","微星","11452935","2068530360","174.00","186.00","172.50","181.00","9.0000","7482"
"2379","瑞昱","1962186","1018768800","522.00","525.00","516.00","516.00","-3.0000","1346"
"2380","虹光","1557872","19474233","12.30","12.70","12.20","12.50","0.2500","758"
"2382","廣達","13643334","1189338187","87.70","87.80","87.00","87.00","-0.6000","4984"
"2383","台光電","6417471","1353650705","212.50","213.50","207.50","212.00","-2.0000","3579"
"2385","群光","6226818","497553981","79.00","80.60","78.90","80.30","1.6000","3716"
"2387","精元","723000","39403067","55.00","55.40","54.00","54.20","-0.3000","503"
"2388","威盛","7497357","397367605","54.10","54.60","52.10","52.10","-1.6000","3093"
"2390","云辰","36650965","1076356130","28.30","30.45","28.30","28.90","0.6500","17756"
"2392","正崴","1743497","71190553","41.15","41.15","40.65","40.90","-0.2500","1008"
"2393","億光","5917463","298619366","51.00","51.30","49.95","50.10","-0.4000","3850"
"2395","研華","2265122","763609705","331.00","341.00","328.00","338.50","4.0000","1436"
"2397","友通","18003","1170994","65.30","65.30","64.50","64.90","0.0000","14"
"2399","映泰","10477070","300124969","28.25","29.20","27.90","28.95","0.9500","5003"
"2401","凌陽","14978239","481982499","32.75","32.95","31.70","31.85","-0.5500","6979"
"2402","毅嘉","2690575","50443363","18.45","19.00","18.30","18.90","0.6000","1247"
"2404","漢唐","4403988","987136068","221.00","226.50","220.00","222.00","0.0000","3266"
"2405","浩鑫","1283078","16434779","12.85","12.90","12.70","12.75","-0.1000","485"
"2406","國碩","6629448","133735996","20.30","20.45","20.00","20.05","-0.6500","3228"
"2408","南亞科","11014339","874621550","79.30","80.20","78.90","78.90","0.0000","4807"
"2409","友達","539918260","12393223678","22.85","23.60","22.45","22.50","-0.3500","110704"
"2412","中華電","11998910","1365396977","114.00","114.50","113.50","113.50","-1.0000","2802"
"2413","環科","400332","8570255","21.55","21.60","21.20","21.25","-0.3000","211"
"2414","精技","297045","8713682","29.30","29.40","29.25","29.40","0.1500","214"
"2415","錩新","2368483","95595898","39.70","41.20","39.25","40.00","0.5500","1366"
"2417","圓剛","975907","39852417","41.45","41.45","40.65","40.70","-0.4000","633"
"2419","仲琦","295319","6141711","20.85","20.90","20.65","20.65","-0.0500","185"
"2420","新巨","228278","8673913","38.05","38.15","37.95","37.95","-0.0500","171"
"2421","建準","1606368","73298537","44.80","46.50","44.55","46.50","1.7000","1038"
"2423","固緯","114187","2765609","24.20","24.45","24.10","24.40","0.0500","83"
"2424","隴華","201","5368","","","","","0.0000","3"
"2425","承啟","798446","25004036","31.05","32.00","30.85","31.05","0.3000","455"
"2426","鼎元","3164254","81520755","26.30","26.50","25.20","25.20","-0.9000","1500"
"2427","三商電","195037","2207150","11.30","11.40","11.30","11.35","0.0000","68"
"2428","興勤","1542001","276034284","182.50","182.50","176.00","179.50","-3.5000","1253"
"2429","銘旺科","13000","209900","16.40","16.40","16.10","16.10","-0.3000","6"
"2430","燦坤","4005512","128746032","30.90","33.25","30.50","31.70","1.1000","2222"
"2431","聯昌","328752","4462440","13.75","13.75","13.45","13.45","-0.1000","152"
"2433","互盛電","54723","2956157","53.30","55.00","53.20","53.80","0.5000","40"
"2434","統懋","53503","2016768","38.20","39.00","36.80","37.85","0.0500","52"
"2436","偉詮電","6112470","444397144","73.10","73.90","72.00","72.40","-0.6000","4274"
"2438","翔耀","123539","1250801","10.10","10.30","10.05","10.10","-0.1000","75"
"2439","美律","769340","82575416","107.00","108.00","106.50","108.00","1.0000","593"
"2440","太空梭","485581","9197771","19.20","19.30","18.80","18.80","-0.6500","328"
"2441","超豐","10550307","808310026","77.40","77.50","75.20","76.80","0.3000","4187"
"2442","新美齊","574528","5730236","9.97","10.05","9.90","9.95","0.0000","204"
"2443","億麗","143957","408937","2.88","2.89","2.82","2.82","-0.0600","48"
"2444","兆勁","214468","2635058","12.60","12.60","12.20","12.25","-0.3500","100"
"2449","京元電子","13224627","564092872","43.35","43.35","42.25","42.25","-0.9000","5338"
"2450","神腦","200288","6693257","33.00","33.80","33.00","33.65","0.5000","177"
"2451","創見","2543411","185952642","73.00","74.70","72.00","72.00","-0.8000","1222"
"2453","凌群","328187","8073075","24.70","24.75","24.50","24.50","-0.2500","212"
"2454","聯發科","6077649","5917845107","980.00","990.00","965.00","965.00","-13.0000","7380"
"2455","全新","2483724","303065564","123.50","123.50","120.50","121.50","-1.0000","1889"
"2456","奇力新","3904182","396108073","101.50","103.00","100.00","100.00","-1.5000","2704"
"2457","飛宏","17519093","638901350","36.30","37.40","35.70","35.85","-0.4500","8873"
"2458","義隆","2523040","538052251","212.00","214.00","211.50","214.00","2.0000","1983"
"2459","敦吉","382959","21199357","54.70","56.20","54.60","56.00","1.8000","235"
"2460","建通","1814673","61871521","35.00","35.20","33.30","33.45","-1.4500","1223"
"2461","光群雷","1275356","25579619","20.10","20.30","19.95","19.95","-0.2500","450"
"2462","良得電","204674","6357531","31.40","31.50","30.75","31.25","-0.1500","134"
"2464","盟立","947203","42107990","44.80","45.00","44.30","44.30","-0.5000","719"
"2465","麗臺","4879149","456585169","89.80","98.00","89.80","92.10","2.8000","3995"
"2466","冠西電","100003","3298696","33.00","33.15","32.80","33.15","0.1500","55"
"2467","志聖","282829","15293705","54.40","54.70","53.70","53.90","-0.4000","211"
"2468","華經","110449","1493451","13.60","13.60","13.50","13.50","-0.0500","55"
"2471","資通","66250","1730748","26.10","26.20","26.10","26.10","0.0000","57"
"2472","立隆電","1819282","121568668","67.60","67.80","66.20","66.20","-0.8000","1186"
"2474","可成","8182247","1465860384","182.00","182.50","178.50","178.50","-3.5000","3566"
"2476","鉅祥","3974261","140284121","35.00","35.95","34.60","35.55","0.8500","2170"
"2477","美隆電","2048955","75500205","37.80","37.80","36.35","36.90","-0.2000","1272"
"2478","大毅","2003943","140312092","70.90","71.10","69.00","69.50","-1.6000","1338"
"2480","敦陽科","504394","36549260","72.70","72.70","72.20","72.20","-0.5000","319"
"2481","強茂","73148306","4981875027","65.30","70.90","64.50","68.90","3.7000","39854"
"2482","連宇","491437","6065765","12.65","12.65","12.15","12.15","-0.3500","284"
"2483","百容","41158","838731","20.35","20.55","20.20","20.50","0.0500","37"
"2484","希華","18176952","582329953","31.80","32.60","31.25","32.25","0.4500","8256"
"2485","兆赫","38482337","894352973","23.00","24.50","21.85","22.05","-0.5500","15132"
"2486","一詮","10214613","334910458","32.80","33.85","32.00","32.50","-0.5500","4870"
"2488","漢平","335373","10169156","30.30","30.75","30.00","30.40","0.4000","196"
"2489","瑞軒","10636693","185978660","17.60","17.75","17.20","17.20","-0.2500","3590"
"2491","吉祥全","903855","23388852","26.50","26.65","25.40","25.40","-0.7500","549"
"2492","華新科","6251067","1349203958","219.00","220.50","213.50","213.50","-3.5000","4958"
"2493","揚博","556154","21674753","39.45","39.45","38.80","38.90","-0.1000","256"
"2495","普安","10545358","229692664","21.35","22.40","21.15","21.15","0.2000","4299"
"2496","卓越","11084","621494","55.60","56.60","55.40","56.20","0.9000","14"
"2497","怡利電","658255","19477779","29.40","30.40","29.00","29.70","0.9000","398"
"2498","宏達電","11838854","482359915","40.30","41.70","39.95","39.95","-0.6500","5176"
"2501","國建","509366","10045801","19.75","19.80","19.65","19.75","0.0000","169"
"2504","國產","2076159","51223037","24.80","24.80","24.60","24.70","-0.1000","709"
"2505","國揚","874924","26618236","30.45","30.65","30.25","30.45","0.0000","349"
"2506","太設","383805","3927385","10.30","10.30","10.15","10.25","-0.0500","176"
"2509","全坤建","475607","9512754","20.00","20.30","19.90","20.00","0.0000","296"
"2511","太子","986019","11741093","12.00","12.00","11.85","11.90","-0.1000","270"
"2514","龍邦","219656","3841283","17.60","17.60","17.45","17.50","-0.1000","127"
"2515","中工","5881219","53154374","9.12","9.12","9.01","9.02","-0.0700","1480"
"2516","新建","263964","1614385","6.17","6.17","6.09","6.10","-0.0600","117"
"2520","冠德","1506898","56473655","37.80","37.80","37.35","37.40","-0.2500","745"
"2524","京城","96369","3337691","34.05","35.10","34.05","34.90","0.1000","78"
"2527","宏璟","7375667","199346377","27.40","27.40","26.60","26.90","-0.1500","621"
"2528","皇普","44641","975905","21.75","21.90","21.75","21.90","0.1000","29"
"2530","華建","217831","3016119","13.90","13.90","13.80","13.90","0.0000","103"
"2534","宏盛","308757","6074222","19.60","19.80","19.60","19.65","-0.0500","240"
"2535","達欣工","917709","30822172","33.60","33.70","33.50","33.70","0.0000","488"
"2536","宏普","202313","4400652","21.80","21.85","21.70","21.75","-0.0500","101"
"2537","聯上發","1332555","13134858","9.80","9.94","9.73","9.88","0.1300","430"
"2538","基泰","508129","5063544","9.96","10.00","9.91","10.00","0.0400","176"
"2539","櫻花建","149093","4707647","31.50","31.65","31.50","31.60","-0.0500","72"
"2540","愛山林","287077","20639289","71.30","73.50","71.00","71.40","0.3000","49"
"2542","興富發","4906015","207932176","42.80","42.80","42.20","42.20","-0.5500","2153"
"2543","皇昌","36229","273018","7.59","7.60","7.42","7.55","0.0700","28"
"2545","皇翔","465011","19534787","42.15","42.15","41.80","42.10","0.0000","317"
"2546","根基","70330","3308678","47.00","47.20","47.00","47.20","0.0000","62"
"2547","日勝生","1354659","14983178","11.10","11.15","11.00","11.05","-0.0500","307"
"2548","華固","599989","51379351","86.00","86.00","85.20","85.90","-0.1000","558"
"2597","潤弘","87163","12136744","139.00","139.50","139.00","139.00","-1.0000","90"
"2601","益航","147542656","2310721954","14.70","15.85","14.50","15.85","1.4000","26943"
"2603","長榮","148829017","20739214241","133.50","142.50","133.00","140.00","3.5000","75058"
"2605","新興","53460667","1739806300","31.00","33.00","30.85","33.00","3.0000","16150"
"2606","裕民","47417661","3209007269","66.20","68.80","65.40","68.80","6.2000","17665"
"2607","榮運","25995272","748927070","28.80","28.85","28.45","28.85","2.6000","6909"
"2608","嘉里大榮","41446276","2826916608","65.20","69.50","64.80","67.30","2.0000","26130"
"2609","陽明","747990717","109530140668","138.50","151.00","137.50","149.50","9.0000","291625"
"2610","華航","164747656","3195164438","19.15","19.75","18.90","19.35","0.2000","43756"
"2611","志信","11273049","272396450","24.20","24.25","23.50","24.25","2.2000","2433"
"2612","中航","12381817","663875853","50.90","54.30","50.50","54.30","4.8500","4538"
"2613","中櫃","19827235","690049509","32.90","35.40","32.90","35.40","3.2000","7763"
"2614","東森","30425721","936358134","28.85","31.45","28.85","31.45","2.8500","14227"
"2615","萬海","148405056","32489339398","206.00","226.50","201.00","226.50","20.5000","72829"
"2616","山隆","163222","6023460","36.85","37.05","36.80","36.90","0.0500","181"
"2617","台航","37240449","1911292457","49.60","52.10","48.65","52.10","4.7000","14609"
"2618","長榮航","133490028","2718001787","20.30","20.75","19.85","20.10","-0.2000","33454"
"2630","亞航","5681362","125836948","20.50","22.55","19.80","22.55","2.0500","3235"
"2633","台灣高鐵","19029235","552876111","29.35","29.40","29.00","29.00","-0.4000","4042"
"2634","漢翔","4757425","139272549","28.85","29.55","28.70","29.20","0.3500","2393"
"2636","台驊投控","38652322","7155055577","175.00","189.50","174.00","189.50","17.0000","21316"
"2637","慧洋-KY","92764700","7560935331","78.10","82.50","78.00","82.50","7.5000","34800"
"2642","宅配通","25617339","2484392588","93.40","98.00","92.70","98.00","8.9000","12966"
"2701","萬企","514965","6496997","12.65","12.70","12.55","12.60","-0.0500","124"
"2702","華園","1817190","47585479","26.15","27.05","25.35","26.20","0.0000","1030"
"2704","國賓","183281","5401994","29.25","29.75","28.90","29.75","0.5500","120"
"2705","六福","131971","2375342","18.00","18.05","17.90","18.05","0.0500","111"
"2706","第一店","2147670","32474114","15.40","15.40","14.90","14.95","-0.3500","673"
"2707","晶華","266646","38123472","143.50","144.00","142.50","142.50","-1.0000","284"
"2712","遠雄來","8000","286150","35.50","36.00","35.50","36.00","0.0000","8"
"2722","夏都","21702","634180","29.60","29.60","29.10","29.10","-0.0500","20"
"2723","美食-KY","269990","47868911","178.00","179.00","175.00","177.00","0.0000","260"
"2727","王品","1001973","147136647","147.50","148.00","146.00","148.00","1.0000","1218"
"2731","雄獅","245698","22254989","91.00","91.50","90.20","90.30","-0.7000","289"
"2739","寒舍","52000","1239800","23.85","23.95","23.80","23.95","-0.0500","50"
"2748","雲品","51625","2116220","41.30","41.30","40.90","41.05","-0.4500","58"
"2801","彰銀","36259552","579777414","16.10","16.15","15.95","15.95","-0.1500","7410"
"2809","京城銀","3156319","126825720","40.20","40.25","40.00","40.25","-0.2500","1232"
"2812","台中銀","13763450","158100343","11.45","11.65","11.40","11.45","0.0000","2419"
"2816","旺旺保","126608","2593451","20.45","20.55","20.40","20.50","0.0000","65"
"2820","華票","2796028","45163729","16.10","16.25","16.05","16.20","0.1000","900"
"2823","中壽","9405679","231765050","24.30","24.85","24.25","24.85","0.4500","1827"
"2832","台產","1336197","27453586","20.65","20.65","20.45","20.45","0.0000","639"
"2834","臺企銀","28919532","272287007","9.45","9.46","9.40","9.40","-0.0500","6372"
"2836","高雄銀","620476","6692359","10.80","10.85","10.75","10.80","0.0000","264"
"2836A","高雄銀甲特","34002","773545","22.75","22.75","22.75","22.75","-0.0500","12"
"2838","聯邦銀","927616","10610452","11.45","11.50","11.40","11.45","-0.0500","306"
"2838A","聯邦銀甲特","32002","1701405","53.20","53.20","53.10","53.20","0.0000","22"
"2841","台開","7580910","50737540","6.85","6.95","6.66","6.66","-0.1500","540"
"2845","遠東銀","3936440","41401364","10.50","10.60","10.50","10.50","0.0000","837"
"2849","安泰銀","618154","9199168","14.60","15.05","14.60","14.90","0.2000","253"
"2850","新產","103040","4128394","40.20","40.20","39.90","40.00","-0.1500","57"
"2851","中再保","966701","26031200","26.90","27.20","26.65","26.80","-0.2500","503"
"2852","第一保","51011","665343","13.00","13.10","13.00","13.05","-0.0500","32"
"2855","統一證","2977415","77309910","26.15","26.15","25.85","25.85","-0.3000","1217"
"2867","三商壽","4379323","39917422","9.17","9.17","9.08","9.10","-0.0800","1111"
"2880","華南金","22655352","410780885","18.20","18.30","18.10","18.10","-0.1500","4875"
"2881","富邦金","30784245","2203152327","72.10","72.20","71.30","71.30","-1.0000","11105"
"2881A","富邦特","8279","519999","62.80","62.90","62.80","62.90","0.0000","9"
"2881B","富邦金乙特","18383","1146558","62.50","62.50","62.40","62.50","0.0000","15"
"2882","國泰金","31636318","1694482671","53.80","54.00","53.40","53.60","-0.4000","8903"
"2882A","國泰特","12531","781520","62.40","62.50","62.30","62.50","0.0000","15"
"2882B","國泰金乙特","22853","1417130","62.10","62.10","62.00","62.00","0.0000","21"
"2883","開發金","93131805","1144800442","12.40","12.45","12.25","12.25","-0.2000","12179"
"2884","玉山金","33312565","850505908","25.60","25.65","25.50","25.50","-0.1500","8571"
"2885","元大金","30203124","762897278","25.35","25.50","25.20","25.20","-0.2500","5739"
"2886","兆豐金","30926776","1013831572","32.75","33.00","32.70","32.75","-0.1500","5003"
"2887","台新金","42242846","631137370","15.05","15.05","14.90","14.90","-0.1500","10789"
"2887E","台新戊特","24529","1314754","53.60","53.60","53.60","53.60","-0.1000","19"
"2887F","台新戊特二","11897","617207","51.90","51.90","51.90","51.90","0.0000","17"
"2888","新光金","44771628","426734639","9.58","9.59","9.50","9.55","-0.0300","5189"
"2888A","新光金甲特","13863","587354","42.40","42.40","42.35","42.35","-0.0500","22"
"2888B","新光金乙特","273032","11153351","40.90","40.90","40.80","40.80","-0.1000","56"
"2889","國票金","7945441","129452072","16.35","16.35","16.25","16.30","-0.1000","2352"
"2890","永豐金","38130969","517380556","13.55","13.70","13.45","13.55","-0.0500","7436"
"2891","中信金","48217318","1068672481","22.20","22.25","22.15","22.15","-0.1500","8129"
"2891B","中信金乙特","1937","122644","63.60","63.60","63.60","63.60","0.0000","8"
"2891C","中信金丙特","7212","440340","61.10","61.20","61.00","61.20","0.0000","14"
"2892","第一金","28545652","632813555","22.20","22.35","22.10","22.10","-0.2000","6164"
"2897","王道銀行","1290385","8961374","6.97","6.98","6.93","6.98","-0.0100","442"
"2897A","王道銀甲特","22000","223300","10.15","10.15","10.15","10.15","0.0000","7"
"2901","欣欣","8660","238794","27.55","27.65","27.35","27.65","0.1000","17"
"2903","遠百","1366304","30595837","22.50","22.55","22.30","22.55","0.0500","906"
"2904","匯僑","58717","1732756","29.50","29.60","29.40","29.55","0.0500","63"
"2905","三商","836247","18870553","22.70","22.70","22.50","22.55","-0.1500","337"
"2906","高林","151325","2344951","15.65","15.65","15.40","15.45","-0.1000","114"
"2908","特力","217162","5700809","26.15","26.75","25.90","26.75","0.5500","122"
"2910","統領","3001","98136","32.70","32.70","32.70","32.70","-0.6000","4"
"2911","麗嬰房","1625238","13650435","8.31","8.59","8.31","8.34","0.0600","711"
"2912","統一超","2854653","743345856","260.50","262.00","260.00","260.00","-1.0000","2703"
"2913","農林","3305718","67125541","20.50","20.55","20.15","20.15","-0.3000","1344"
"2915","潤泰全","3564101","297395809","84.20","84.30","83.00","83.00","-1.5000","1842"
"2923","鼎固-KY","244621","6800742","27.70","28.35","27.50","28.35","-0.1000","331"
"2929","淘帝-KY","663219","11425516","17.00","17.50","17.00","17.10","0.1500","399"
"2936","客思達-KY","64200","1470130","22.90","23.60","22.70","23.05","0.0000","45"
"2939","凱羿-KY","8000","280700","35.95","35.95","34.60","34.60","0.1000","8"
"3002","歐格","89000","1053900","11.90","11.95","11.75","11.85","-0.1000","42"
"3003","健和興","19446828","1579680960","77.80","84.20","77.50","81.50","3.7000","12731"
"3004","豐達科","212951","13039009","62.00","62.00","60.90","61.00","-0.8000","177"
"3005","神基","9255985","507674993","55.20","56.20","54.00","54.20","-0.5000","4058"
"3006","晶豪科","11214197","1464072665","132.00","133.00","128.50","129.00","-2.5000","7904"
"3008","大立光","428764","1298080890","3030.00","3050.00","3020.00","3020.00","0.0000","1044"
"3010","華立","475997","38074736","79.70","80.20","79.60","80.00","0.5000","392"
"3011","今皓","473484","3673524","7.84","7.85","7.69","7.71","-0.1600","164"
"3013","晟銘電","256271","3389227","13.20","13.35","13.10","13.15","0.1000","197"
"3014","聯陽","5829264","736311892","126.50","128.00","125.00","125.50","0.0000","3805"
"3015","全漢","623712","29373968","47.50","47.50","46.65","47.00","-0.3000","443"
"3016","嘉晶","15928444","1205139768","73.40","78.00","73.20","75.20","2.5000","10586"
"3017","奇鋐","49121248","3687762795","71.40","77.50","70.80","77.20","6.5000","24681"
"3018","同開","74394","1195812","16.35","16.35","16.00","16.05","0.0000","126"
"3019","亞光","3213566","266509972","82.30","84.20","81.60","83.30","1.3000","2069"
"3021","鴻名","394525","8568686","22.15","22.15","21.40","21.55","-0.4000","279"
"3022","威強電","164476","8349310","50.90","51.00","50.50","50.80","0.1000","127"
"3023","信邦","882477","239542605","273.00","273.00","268.50","273.00","0.0000","394"
"3024","憶聲","2744966","39341719","14.20","14.65","14.05","14.15","-0.2500","1136"
"3025","星通","708492","17182421","24.15","24.55","23.90","24.05","0.0500","385"
"3026","禾伸堂","3187328","444844240","141.00","143.00","138.00","139.50","-0.5000","2328"
"3027","盛達","1555362","35831788","23.70","23.70","22.50","22.65","-0.7500","748"
"3028","增你強","513489","14672506","28.60","28.60","28.55","28.55","-0.0500","253"
"3029","零壹","574872","26420700","46.15","46.20","45.80","46.10","-0.0500","430"
"3030","德律","597852","35726331","59.40","60.00","59.40","60.00","0.5000","437"
"3031","佰鴻","652831","12452696","19.20","19.35","18.90","19.00","-0.2000","355"
"3032","偉訓","311449","13177082","41.80","42.65","41.80","42.40","0.6000","212"
"3033","威健","8526099","211421428","24.90","25.30","24.45","24.45","-0.0500","3591"
"3034","聯詠","6639127","3382981193","513.00","516.00","503.00","503.00","-6.0000","5482"
"3035","智原","14394529","1117017107","78.80","79.40","76.30","76.30","-1.3000","9067"
"3036","文曄","989832","53870941","54.30","54.70","54.10","54.50","0.2000","632"
"3036A","文曄甲特","21000","1000900","47.65","47.70","47.65","47.65","0.0500","15"
"3037","欣興","65876287","8911598748","135.00","140.00","130.00","130.00","-4.0000","36431"
"3038","全台","1106587","23580023","21.55","21.60","21.20","21.20","-0.1500","575"
"3040","遠見","97656","4872789","49.90","50.20","49.85","49.85","-0.0500","92"
"3041","揚智","903372","24709868","27.50","27.65","27.10","27.10","-0.4000","568"
"3042","晶技","19833895","2427301021","121.00","124.50","120.00","121.00","2.0000","12335"
"3043","科風","202280","791310","3.91","3.95","3.91","3.91","0.0000","56"
"3044","健鼎","2801694","364216567","128.50","131.50","128.00","131.00","3.0000","1558"
"3045","台灣大","6622574","671441874","102.00","102.50","101.00","101.00","-1.5000","2236"
"3046","建碁","59835","1453123","24.40","24.65","23.95","24.35","-0.3500","53"
"3047","訊舟","634511","7095057","11.20","11.25","11.10","11.15","-0.1000","223"
"3048","益登","1083421","36705285","34.05","34.10","33.75","33.80","-0.1500","654"
"3049","和鑫","6626710","84270348","12.95","12.95","12.50","12.55","-0.3000","1846"
"3050","鈺德","550635","8127229","15.05","15.05","14.65","14.65","-0.4000","283"
"3051","力特","2453726","22790076","9.07","9.45","9.02","9.29","0.3100","532"
"3052","夆典","567265","7091351","12.45","12.65","12.40","12.40","-0.0500","198"
"3054","立萬利","11001","248172","22.95","22.95","22.35","22.85","0.2500","10"
"3055","蔚華科","186167","5537292","29.70","29.95","29.60","29.65","-0.3000","182"
"3056","總太","256296","10054263","39.40","39.50","39.15","39.15","-0.2500","205"
"3057","喬鼎","279227","4305002","15.65","15.80","15.15","15.30","0.0500","210"
"3058","立德","6849236","106303766","15.60","15.85","15.15","15.30","-0.1000","1787"
"3059","華晶科","12179494","449995802","36.00","37.95","35.60","37.80","2.1500","6617"
"3060","銘異","13884381","435830435","30.35","32.80","30.35","30.55","0.4500","6961"
"3062","建漢","1917923","36153893","19.00","19.15","18.65","18.70","-0.2000","970"
"3090","日電貿","2040367","113654239","55.90","56.40","55.30","55.60","0.5000","1379"
"3092","鴻碩","2758345","203140333","74.00","74.50","73.00","73.10","-0.9000","1668"
"3094","聯傑","2069201","72737971","35.35","35.65","34.75","35.15","-0.1000","1167"
"3130","一零四","2681","447451","166.00","167.00","166.00","167.00","1.0000","22"
"3138","耀登","1475679","353533859","243.00","246.00","235.00","236.50","-0.5000","1613"
"3149","正達","14794929","621237379","41.85","43.00","40.35","42.60","2.3000","8766"
"3164","景岳","182205","4698966","26.00","26.30","25.55","25.65","-0.4000","106"
"3167","大量","90485","5650073","63.20","63.20","62.20","62.50","-0.3000","79"
"3189","景碩","22567763","2846896254","123.50","129.00","121.50","124.50","2.5000","13668"
"3209","全科","836815","24202886","29.10","29.10","28.80","28.85","-0.2000","521"
"3229","晟鈦","59027","361804","6.11","6.20","6.05","6.09","-0.1100","29"
"3231","緯創","14636067","449690509","30.60","30.95","30.60","30.65","0.0500","3762"
"3257","虹冠電","541076","42458882","78.20","79.40","77.90","78.20","-0.4000","394"
"3266","昇陽","30000","373150","12.55","12.55","12.35","12.35","-0.2000","22"
"3296","勝德","336026","7267023","21.85","21.90","21.35","21.85","-0.3500","230"
"3305","昇貿","4732129","236682989","50.50","51.10","48.90","49.00","-0.9500","2966"
"3308","聯德","363634","3676345","10.50","10.50","9.99","10.20","-0.3000","205"
"3311","閎暉","122174","4167154","33.80","34.50","33.80","34.00","0.2000","89"
"3312","弘憶股","1169680","24525646","21.45","21.45","20.60","20.95","-0.0500","613"
"3321","同泰","1961383","28718727","15.00","15.10","14.20","14.20","-0.4500","805"
"3338","泰碩","3414558","182449169","49.90","54.70","49.80","54.70","4.9500","2397"
"3346","麗清","971426","42923863","44.50","44.80","43.75","44.20","0.3500","681"
"3356","奇偶","4025810","134297254","32.90","34.30","32.25","32.95","0.8000","2296"
"3376","新日興","765521","87093120","115.50","115.50","113.00","114.00","-1.0000","594"
"3380","明泰","2185828","63377670","28.95","29.20","28.60","29.20","0.2500","915"
"3383","新世紀","30205","137667","4.68","4.68","4.54","4.60","0.0000","19"
"3406","玉晶光","2192244","1152754260","525.00","534.00","520.00","520.00","-7.0000","2068"
"3413","京鼎","1159073","273700021","235.50","238.00","234.00","236.50","2.0000","1029"
"3416","融程電","72229","5480638","76.10","76.20","75.60","76.00","0.1000","63"
"3419","譁裕","616459","11972225","19.40","19.55","19.15","19.25","-0.1500","312"
"3432","台端","111000","1457800","13.20","13.20","13.05","13.10","-0.1000","36"
"3437","榮創","2196915","63968211","29.30","29.80","28.70","28.80","-0.4000","1251"
"3443","創意","5470117","2296778830","420.00","433.50","408.00","410.00","-5.0000","5272"
"3450","聯鈞","433529","25504071","58.70","59.20","58.60","59.00","0.4000","335"
"3454","晶睿","369155","30436785","80.40","84.50","79.90","82.90","3.6000","313"
"3481","群創","626903100","13253419362","21.10","21.75","20.60","20.60","-0.4000","136527"
"3494","誠研","125003","406369","3.21","3.28","3.21","3.23","-0.0500","39"
"3501","維熹","48133","2464645","51.00","51.40","51.00","51.30","0.0000","50"
"3504","揚明光","425611","33053884","77.30","78.80","77.10","77.20","-0.1000","329"
"3515","華擎","5234419","1035338203","196.50","205.00","190.50","201.50","8.0000","4149"
"3518","柏騰","63878","1725006","27.50","27.50","26.70","26.70","-0.3000","61"
"3528","安馳","59750","2971569","49.80","50.20","49.40","49.60","-0.0500","67"
"3530","晶相光","4179224","766704017","183.00","187.50","178.00","184.00","2.5000","3036"
"3532","台勝科","3825260","710543162","185.00","193.00","179.00","179.00","-4.0000","3265"
"3533","嘉澤","979753","563312945","560.00","584.00","559.00","576.00","20.0000","1109"
"3535","晶彩科","232764","3850997","16.50","16.65","16.50","16.60","0.2500","143"
"3536","誠創","24727","189657","7.85","7.85","7.65","7.66","0.0100","15"
"3543","州巧","134578","3637744","27.25","27.40","26.80","27.00","-0.4000","93"
"3545","敦泰","23984294","5417314134","230.50","232.50","220.00","222.50","-6.0000","18366"
"3550","聯穎","471398","8934795","19.10","19.15","18.65","19.00","-0.0500","251"
"3557","嘉威","286415","25285118","88.20","88.80","87.50","88.10","0.3000","245"
"3563","牧德","265665","69990080","262.50","266.50","260.00","260.00","-2.0000","266"
"3576","聯合再生","15187165","202322895","13.55","13.60","13.20","13.20","-0.2500","4291"
"3583","辛耘","155053","9684311","63.00","63.00","62.20","62.50","0.1000","114"
"3588","通嘉","1879527","162114019","86.90","88.30","84.70","84.80","-1.0000","1422"
"3591","艾笛森","289402","5646498","19.30","19.80","19.25","19.35","0.1000","165"
"3593","力銘","41601","574632","14.00","14.10","13.60","13.90","0.1000","38"
"3596","智易","1347117","134680687","99.70","100.50","99.30","99.90","0.9000","956"
"3605","宏致","821580","37086892","45.00","45.55","44.75","45.00","0.0500","564"
"3607","谷崧","3207321","51601345","16.30","16.70","15.60","15.60","-0.4000","1655"
"3617","碩天","53230","4525290","84.80","85.20","84.60","85.00","-0.2000","40"
"3622","洋華","655274","21465061","33.00","33.40","32.20","32.30","-0.5000","380"
"3645","達邁","310787","15603242","50.70","50.70","49.90","50.10","-0.4000","233"
"3653","健策","2915601","884874553","303.00","310.00","296.00","296.00","0.0000","2410"
"3661","世芯-KY","7934728","4602997986","565.00","588.00","565.00","588.00","26.0000","7353"
"3665","貿聯-KY","1064923","261944647","242.00","248.00","241.50","245.50","3.0000","961"
"3669","圓展","539915","44130868","82.70","82.70","81.50","81.50","-0.6000","438"
"3673","TPK-KY","2196048","102030589","46.75","46.90","46.10","46.25","-0.0500","1337"
"3679","新至陞","1001484","134478820","134.50","136.50","132.00","132.50","0.0000","601"
"3682","亞太電","4410510","39740575","9.04","9.11","8.98","8.98","-0.0800","1513"
"3686","達能","4188903","72941999","18.00","18.00","16.80","17.10","-1.0500","1850"
"3694","海華","1352524","33298706","24.45","25.00","24.35","24.35","-0.1000","430"
"3701","大眾控","11316","160997","14.50","14.50","14.10","14.40","0.3000","31"
"3702","大聯大","9914556","499283358","51.10","51.40","50.00","50.00","-1.1000","3829"
"3702A","大聯大甲特","39905","1994772","50.00","50.00","50.00","50.00","-0.1000","23"
"3703","欣陸","3634953","95391859","26.40","26.75","25.85","26.75","0.3000","1692"
"3704","合勤控","2393813","72978407","30.40","30.90","30.20","30.20","-0.2000","1187"
"3705","永信","92671","4071418","44.00","44.00","43.85","43.95","0.0500","73"
"3706","神達","2509264","69992047","27.85","28.05","27.75","28.00","0.1000","1091"
"3708","上緯投控","565222","66761400","118.50","119.00","117.00","118.50","-1.0000","476"
"3711","日月光投控","10889750","1274742752","118.00","119.00","116.50","116.50","-1.5000","4197"
"3712","永崴投控","237894","6907140","29.20","29.40","28.90","28.90","-0.3000","172"
"3714","富采","12999878","1043062507","81.70","82.40","78.20","78.20","-1.8000","7515"
"4104","佳醫","129379","7454604","57.60","57.80","57.50","57.80","0.2000","125"
"4106","雃博","3567450","150081504","43.00","43.30","41.45","41.45","-1.0500","2225"
"4108","懷特","570810","14048722","24.70","24.95","24.50","24.55","-0.2000","367"
"4119","旭富","308377","27728851","90.90","90.90","89.30","90.10","-0.8000","307"
"4133","亞諾法","10584150","763654946","70.60","73.80","70.40","72.80","3.8000","7591"
"4137","麗豐-KY","335643","68968290","208.50","208.50","203.00","204.00","-4.5000","307"
"4141","龍燈-KY","255590","3045164","12.00","12.05","11.85","11.95","-0.0500","172"
"4142","國光生","4395047","234921509","53.80","54.40","53.10","53.30","-0.2000","2778"
"4148","全宇生技-KY","30000","1032000","34.40","34.45","34.35","34.35","-0.0500","20"
"4155","訊映","129406","3311997","25.70","25.70","25.45","25.65","0.0000","102"
"4164","承業醫","178477","6640463","37.30","37.30","37.10","37.25","0.1000","81"
"4190","佐登-KY","76346","5750866","75.50","76.00","74.90","75.40","-0.1000","64"
"4306","炎洲","3435074","64580251","18.90","18.95","18.70","18.70","-0.1500","1130"
"4414","如興","1863217","17227133","9.30","9.34","9.20","9.20","-0.1600","723"
"4426","利勤","206748","4971196","24.10","24.15","24.00","24.00","0.0000","150"
"4438","廣越","159000","20428000","128.50","130.00","127.00","128.00","-0.5000","132"
"4439","冠星-KY","17250","2653250","153.00","154.50","153.00","154.00","2.0000","17"
"4526","東台","4968524","89175475","19.00","19.00","17.40","17.40","0.0500","2455"
"4532","瑞智","466727","9405664","20.25","20.25","20.10","20.15","-0.2000","242"
"4536","拓凱","245017","39126699","156.50","162.00","156.50","161.00","4.5000","192"
"4540","全球傳動","368010","19664867","52.50","54.30","52.50","53.10","1.0000","291"
"4545","銘鈺","79000","2182350","27.80","27.90","27.40","27.65","0.0500","58"
"4551","智伸科","976011","176603900","176.00","183.50","175.00","181.50","5.5000","861"
"4552","力達-KY","87812","2664548","30.35","30.50","30.25","30.30","0.0000","72"
"4555","氣立","73000","3984800","55.00","55.10","54.00","54.60","0.1000","59"
"4557","永新-KY","15109","972827","64.50","64.50","64.30","64.30","-0.1000","24"
"4560","強信-KY","142000","6070550","42.75","43.15","42.50","43.00","0.3000","65"
"4562","穎漢","62000","1228950","19.95","19.95","19.65","19.95","0.0000","35"
"4564","元翎","1622739","75236004","45.65","46.15","45.10","45.10","-0.6000","776"
"4566","時碩工業","144392","6565446","45.60","45.80","45.30","45.40","-0.3000","115"
"4571","鈞興-KY","79358","10245959","129.00","131.00","128.00","128.50","-3.0000","78"
"4572","駐龍","269157","28705175","110.00","110.00","105.50","106.50","-2.5000","220"
"4576","大銀微系統","248658","29591065","118.50","120.50","117.50","117.50","-1.0000","212"
"4581","光隆精密-KY","7000","256200","36.55","36.70","36.55","36.70","-0.1000","5"
"4720","德淵","1020207","15790734","15.25","15.70","15.15","15.50","0.4000","442"
"4722","國精化","1488476","49990963","33.65","34.15","33.20","33.45","-0.4000","375"
"4737","華廣","96410","6770132","70.60","71.00","69.90","71.00","0.5000","68"
"4739","康普","679604","53600801","79.00","80.50","77.70","78.00","-1.2000","533"
"4746","台耀","7494335","623560927","84.00","85.40","81.80","83.20","-0.9000","5034"
"4755","三福化","29000","1852300","63.90","64.30","63.60","63.60","-0.3000","28"
"4763","材料-KY","139406","14916700","107.50","108.00","106.50","107.00","-0.5000","165"
"4764","雙鍵","27000","1649800","61.60","61.60","60.70","61.50","-1.5000","23"
"4766","南寶","87026","13342490","151.50","156.00","151.50","156.00","3.0000","65"
"4807","日成-KY","279910","7272985","24.30","26.40","24.30","26.40","2.4000","142"
"4904","遠傳","4771039","309133711","65.30","65.30","64.70","64.70","-0.7000","1375"
"4906","正文","2827755","87044370","30.90","31.00","30.65","30.65","-0.1500","974"
"4912","聯德控股-KY","157343","26726701","172.00","172.00","169.00","169.50","-1.0000","147"
"4915","致伸","2305120","123738209","53.50","54.10","53.10","54.10","0.9000","1400"
"4916","事欣科","124726","2895167","23.15","23.40","23.00","23.40","0.3000","104"
"4919","新唐","12133523","974532046","81.50","81.90","79.60","79.60","-1.9000","7893"
"4927","泰鼎-KY","1325023","79155038","58.90","60.90","58.20","59.90","1.4000","922"
"4930","燦星網","308715","7897228","25.80","25.80","25.45","25.75","0.0000","208"
"4934","太極","1142869","27549136","24.45","24.50","23.85","23.95","-0.5500","633"
"4935","茂林-KY","1992415","206835982","104.50","105.00","103.00","104.00","1.0000","1474"
"4938","和碩","14129246","1052987226","74.10","74.90","74.00","74.70","0.7000","6635"
"4942","嘉彰","723327","32354203","44.15","45.10","44.15","44.85","0.7000","430"
"4943","康控-KY","1687237","129038574","78.00","78.10","75.80","75.80","-1.7000","1332"
"4952","凌通","563433","31824673","57.20","57.20","56.10","56.20","-0.6000","422"
"4956","光鋐","1027757","23760367","23.45","23.55","22.80","22.85","-0.5000","464"
"4958","臻鼎-KY","6463210","665914397","101.00","104.00","101.00","102.50","1.5000","3973"
"4960","誠美材","8833347","103296501","11.80","12.00","11.50","11.55","-0.2500","2274"
"4961","天鈺","6022336","1933474632","323.00","328.00","315.50","315.50","-3.5000","5263"
"4967","十銓","3490500","219243250","63.50","63.80","62.10","62.30","-1.0000","1994"
"4968","立積","1314045","681997798","525.00","531.00","511.00","511.00","-11.0000","1366"
"4976","佳凌","16065903","1470642666","90.30","93.80","89.70","91.60","2.8000","10661"
"4977","眾達-KY","133654","12514423","94.80","95.00","92.50","92.50","-1.5000","127"
"4989","榮科","9713095","459360079","47.30","49.50","45.10","45.30","-1.5000","5493"
"4994","傳奇","72308","4523458","62.40","62.80","62.40","62.50","-0.5000","65"
"4999","鑫禾","183348","9221044","50.50","50.50","50.20","50.40","-0.1000","164"
"5007","三星","57261","3289790","56.80","57.80","56.80","57.80","-0.2000","73"
"5203","訊連","171835","14101512","82.80","82.80","81.60","82.80","0.0000","188"
"5215","科嘉-KY","374378","45504248","120.00","123.00","120.00","122.50","2.5000","314"
"5225","東科-KY","10002","206241","20.70","20.75","20.40","20.70","-0.0500","10"
"5234","達興材料","116015","10219836","88.20","88.50","87.90","87.90","-1.0000","87"
"5243","乙盛-KY","19131530","1263233000","62.40","68.40","61.80","68.40","6.2000","11912"
"5258","虹堡","241424","5305460","22.00","22.10","21.80","21.90","0.0000","117"
"5269","祥碩","689258","1042817470","1530.00","1570.00","1475.00","1475.00","-30.0000","981"
"5283","禾聯碩","46396","5726107","123.50","124.00","123.00","123.50","0.5000","72"
"5284","jpp-KY","33000","1444550","43.90","43.90","43.45","43.45","-0.4000","16"
"5285","界霖","4748845","391405915","80.50","84.20","79.30","82.00","2.2000","3260"
"5288","豐祥-KY","72001","11084653","153.50","155.50","153.00","154.00","0.5000","50"
"5388","中磊","815739","54305552","66.00","66.90","66.00","66.50","0.6000","610"
"5434","崇越","698321","84955170","123.00","123.00","121.00","121.00","-2.0000","556"
"5469","瀚宇博","5614244","260325527","46.30","46.70","46.00","46.60","0.5500","2660"
"5471","松翰","3158500","303764585","97.50","97.50","95.10","96.40","-0.1000","2373"
"5484","慧友","170741","2745405","16.15","16.20","16.00","16.05","0.0000","81"
"5515","建國","419326","5681159","13.55","13.65","13.45","13.60","0.1000","178"
"5519","隆大","813233","17587562","21.80","21.80","21.55","21.60","-0.1500","456"
"5521","工信","1439518","14060152","9.87","9.87","9.72","9.77","-0.0400","494"
"5522","遠雄","1810322","97076764","54.00","54.30","53.10","53.30","-0.7000","794"
"5525","順天","270661","6917988","25.25","25.90","25.25","25.50","0.2500","191"
"5531","鄉林","965654","11608242","12.00","12.10","11.95","12.05","-0.0500","328"
"5533","皇鼎","39432","611435","15.55","15.55","15.50","15.50","-0.1500","32"
"5534","長虹","374564","29603390","79.10","79.30","78.60","79.30","0.2000","188"
"5538","東明-KY","23001","991392","43.70","43.70","42.45","42.70","0.1500","19"
"5546","永固-KY","165070","12501884","75.50","76.50","75.00","76.50","0.2000","109"
"5607","遠雄港","24192237","910222480","34.90","38.35","34.85","38.35","3.4500","9973"
"5608","四維航","29649939","1658199652","52.50","58.00","52.00","58.00","5.2000","16609"
"5706","鳳凰","271312","11301294","42.40","42.40","41.40","41.55","-0.4500","253"
"5871","中租-KY","6057023","1215960583","199.50","202.00","199.50","200.50","0.0000","1598"
"5871A","中租-KY甲特","43310","4311120","99.60","99.60","99.50","99.50","-0.1000","36"
"5876","上海商銀","6462882","286642697","44.50","44.75","44.20","44.25","-0.5500","1474"
"5880","合庫金","25336785","528777807","21.00","21.10","20.80","20.80","-0.3000","5943"
"5906","台南-KY","13000","471250","36.20","36.35","36.10","36.30","0.1000","12"
"5907","大洋-KY","588350","12197100","20.20","21.30","20.20","20.50","0.3500","375"
"6005","群益證","9173604","151264732","16.60","16.70","16.40","16.40","-0.2000","2421"
"6024","群益期","467545","18610439","39.90","40.00","39.75","39.75","-0.2000","349"
"6108","競國","201394","4018586","20.10","20.15","19.80","20.00","0.1500","127"
"6112","聚碩","49436","2060586","41.85","41.85","41.60","41.60","0.1000","52"
"6115","鎰勝","111037","4894433","44.20","44.20","44.00","44.05","-0.1000","80"
"6116","彩晶","399884484","9138451822","22.70","23.50","22.20","22.30","0.1500","101261"
"6117","迎廣","3008","49177","16.35","16.35","16.35","16.35","0.0000","3"
"6120","達運","1193058","16498707","14.15","14.15","13.65","13.65","-0.3500","599"
"6128","上福","64663","1621352","25.15","25.15","25.05","25.10","-0.0500","36"
"6133","金橋","170076","1520821","8.97","9.00","8.87","8.99","-0.0400","81"
"6136","富爾特","102190","1839625","18.00","18.10","17.85","18.10","0.1000","59"
"6139","亞翔","223504","6701318","30.10","30.10","29.85","30.00","0.0000","154"
"6141","柏承","214120","5976107","28.00","28.05","27.75","27.80","-0.1500","141"
"6142","友勁","525410","6319007","12.20","12.20","11.95","12.00","-0.2000","279"
"6152","百一","383484","3947028","10.50","10.65","10.15","10.30","-0.2000","191"
"6153","嘉聯益","5803311","179508367","31.25","31.50","30.60","30.60","-0.5000","3053"
"6155","鈞寶","158100","4183134","26.60","26.70","26.20","26.25","-0.1000","119"
"6164","華興","300787","3101240","10.55","10.55","10.20","10.20","-0.3000","169"
"6165","浪凡","578480","20221174","35.90","35.90","34.60","34.75","-0.8500","397"
"6166","凌華","126259","7765550","61.10","62.40","61.10","61.80","-0.7000","96"
"6168","宏齊","1257711","27993565","22.60","22.60","22.00","22.15","-0.4000","682"
"6172","互億","599566","23939720","41.65","41.65","38.20","40.65","-1.3500","376"
"6176","瑞儀","3187967","376413194","119.00","119.50","117.50","117.50","-1.5000","1629"
"6177","達麗","265139","7962973","30.25","30.30","29.90","30.20","0.0000","146"
"6183","關貿","56233","2837657","51.00","51.00","50.10","50.60","0.5000","67"
"6184","大豐電","25592","1152995","45.05","45.10","45.00","45.00","0.0000","30"
"6189","豐藝","463510","18986794","40.95","41.10","40.85","40.95","0.0000","280"
"6191","精成科","6297034","210132776","33.65","33.80","33.05","33.20","-0.4500","3019"
"6192","巨路","32664","2333328","71.40","71.70","71.20","71.50","0.1000","38"
"6196","帆宣","734653","79647920","110.00","110.00","107.00","107.00","-0.5000","555"
"6197","佳必琪","285288","11306990","39.75","39.80","39.50","39.75","0.2500","211"
"6201","亞弘電","29151","1335996","45.40","46.55","45.40","46.55","0.5500","28"
"6202","盛群","6047651","643359807","110.50","111.00","104.00","106.00","-3.5000","4253"
"6205","詮欣","203510","5978638","29.80","29.80","28.50","29.60","0.0000","159"
"6206","飛捷","96429","6260382","65.10","65.10","64.60","64.90","0.1000","83"
"6209","今國光","767613","26233686","34.25","34.65","33.85","33.85","-0.3500","507"
"6213","聯茂","1489469","204598268","138.00","139.00","136.50","136.50","-1.5000","1167"
"6214","精誠","311353","27774296","89.00","89.50","89.00","89.00","-0.2000","278"
"6215","和椿","1233473","29466838","23.55","24.40","23.30","23.90","0.3500","612"
"6216","居易","42123","1070313","25.35","25.50","25.35","25.45","0.1000","39"
"6224","聚鼎","7101557","928260337","130.50","134.50","126.50","134.50","10.5000","5152"
"6225","天瀚","10248","34155","3.29","3.50","3.29","3.50","-0.1000","7"
"6226","光鼎","545574","4922592","9.12","9.12","8.99","9.01","-0.0400","224"
"6230","尼得科超眾","164299","35275311","208.00","217.50","208.00","212.50","4.5000","190"
"6235","華孚","439171","8132170","18.70","18.75","18.35","18.45","-0.1500","253"
"6239","力成","4084321","441923780","107.50","109.00","107.00","108.00","1.0000","1818"
"6243","迅杰","551115","9236179","17.10","17.20","16.50","16.65","-0.3500","319"
"6251","定穎","2275225","47192359","20.85","21.00","20.60","20.80","-0.1000","1054"
"6257","矽格","5605903","307178800","54.80","55.10","54.50","54.60","0.0000","3245"
"6269","台郡","4986632","592512481","118.50","119.50","118.00","119.50","0.0000","3257"
"6271","同欣電","17576689","3582756453","197.50","211.00","196.50","207.00","10.5000","12013"
"6277","宏正","154668","13075283","85.30","85.80","84.10","84.10","-1.7000","120"
"6278","台表科","11143323","1424958617","129.50","129.50","126.00","127.50","-1.0000","7178"
"6281","全國電","26888","2255464","84.10","84.10","83.40","84.10","0.1000","34"
"6282","康舒","2500871","67601926","27.35","27.35","26.90","27.00","-0.2500","1300"
"6283","淳安","1710527","81100168","47.35","48.20","46.80","47.00","0.0000","1016"
"6285","啟碁","1290005","87937385","68.00","68.60","67.50","68.60","0.7000","873"
"6288","聯嘉","562345","16271575","29.35","29.35","28.70","28.70","-0.3500","336"
"6289","華上","8028","23956","2.95","3.05","2.95","3.05","0.0300","16"
"6405","悅城","1306077","43635739","33.10","34.25","32.20","33.70","0.7000","730"
"6409","旭隼","143334","185673940","1280.00","1305.00","1275.00","1290.00","0.0000","147"
"6412","群電","1327112","98108561","72.50","75.00","71.80","74.90","3.5000","1190"
"6414","樺漢","220618","47652572","216.50","217.50","214.50","215.50","-1.0000","238"
"6415","矽力-KY","488407","1672722515","3510.00","3550.00","3355.00","3355.00","-15.0000","644"
"6416","瑞祺電通","676991","81215783","123.00","123.00","118.50","118.50","-3.0000","574"
"6426","統新","93067","7471410","80.50","80.60","80.00","80.00","-0.5000","81"
"6431","光麗-KY","7003","214188","30.60","30.60","30.50","30.50","0.2000","10"
"6438","迅得","1107848","112348642","103.50","103.50","100.00","100.00","-2.5000","911"
"6442","光聖","24251","821157","32.25","34.35","32.25","33.35","1.0000","19"
"6443","元晶","17545824","596884517","34.10","34.90","33.50","34.25","-0.1500","8523"
"6449","鈺邦","156180","9494117","61.50","61.60","60.40","60.40","-0.8000","139"
"6451","訊芯-KY","1553438","185830413","119.00","121.50","118.00","119.00","2.5000","1059"
"6456","GIS-KY","5094728","552743788","107.50","110.50","106.50","108.50","2.0000","3705"
"6464","台數科","22029","2424161","110.00","110.50","110.00","110.50","0.5000","12"
"6477","安集","4415117","220378714","49.20","51.80","48.75","51.80","1.4000","2688"
"6491","晶碩","702338","420402821","589.00","608.00","585.00","606.00","23.0000","745"
"6504","南六","303279","45848499","152.50","152.50","150.50","151.50","-1.0000","343"
"6505","台塑化","5608552","588099794","107.00","107.00","104.00","104.50","-4.0000","2384"
"6515","穎崴","38862","10905165","281.00","285.00","279.00","280.00","1.0000","84"
"6525","捷敏-KY","211711","17027158","79.60","81.00","79.60","80.10","-0.3000","168"
"6531","愛普","2503218","1710133352","682.00","697.00","671.00","671.00","-4.0000","2434"
"6533","晶心科","2525083","1395656417","557.00","568.00","537.00","541.00","-10.0000","2408"
"6541","泰福-KY","486478","28871913","59.40","59.70","59.10","59.70","0.3000","322"
"6552","易華電","142484","7472697","53.00","53.10","52.10","52.40","-0.4000","127"
"6558","興能高","645013","25815503","40.90","41.00","39.80","39.90","-0.7500","451"
"6573","虹揚-KY","465063","9246807","19.75","20.40","19.20","19.65","0.1000","275"
"6579","研揚","28010","1920492","68.50","68.90","68.30","68.60","0.3000","18"
"6581","鋼聯","97408","7017495","72.80","72.80","71.30","71.30","-1.5000","89"
"6582","申豐","498211","144219932","291.50","293.00","288.00","288.50","-2.5000","562"
"6591","動力-KY","2190882","154688098","68.50","71.80","68.10","71.70","3.3000","1536"
"6592","和潤企業","840987","71334543","85.00","85.10","84.50","84.90","-0.1000","505"
"6598","ABC-KY","717704","36268384","49.90","51.40","49.80","50.00","0.6500","577"
"6605","帝寶","192381","10991386","57.70","57.70","57.00","57.10","-0.5000","181"
"6625","必應","129502","3501728","27.00","27.30","26.95","27.30","0.3000","62"
"6641","基士德-KY","34101","2327068","68.00","68.90","68.00","68.30","0.4000","28"
"6655","科定","20001","1472773","73.50","74.00","73.20","73.20","0.2000","10"
"6666","羅麗芬-KY","8214","632562","77.10","77.10","76.70","76.70","0.0000","19"
"6668","中揚光","3503220","251009121","69.90","73.50","68.50","72.30","3.1000","2443"
"6669","緯穎","1223244","1188852650","982.00","1005.00","961.00","961.00","-15.0000","1028"
"6670","復盛應用","417763","87815158","210.50","213.50","208.00","211.00","1.5000","292"
"6671","三能-KY","57000","2840150","49.50","50.50","49.00","49.80","0.3000","32"
"6672","騰輝電子-KY","11037292","1649931337","150.50","157.50","141.00","142.00","0.0000","7904"
"6674","鋐寶科技","62200","1766010","28.50","28.55","28.10","28.55","0.0500","35"
"6698","旭暉應材","66003","2675520","41.10","41.10","40.30","40.60","-0.1000","50"
"6706","惠特","1740002","310479502","181.00","181.50","176.00","179.50","1.0000","1260"
"6715","嘉基","54102","6175026","113.50","114.50","113.50","114.50","1.0000","34"
"6743","安普新","280540","31677508","114.00","114.00","112.00","112.50","-1.5000","264"
"6754","匯僑設計","97056","4594996","46.80","47.45","46.80","47.30","-0.0500","88"
"6756","威鋒電子","5118626","1761591120","324.50","356.00","322.50","356.00","32.0000","4309"
"6768","志強-KY","172311","12399828","72.60","72.60","71.40","71.80","-1.2000","73"
"6776","展碁國際","325128","15144502","47.75","47.75","46.35","46.40","-0.8500","272"
"6781","AES-KY","396423","320884615","834.00","834.00","792.00","800.00","-33.0000","723"
"8011","台通","930156","16834238","18.05","18.35","17.85","17.90","-0.2000","490"
"8016","矽創","4007205","1156081181","292.00","295.00","284.00","285.00","-6.5000","3460"
"8021","尖點","7792980","318711810","41.60","41.70","40.25","40.50","-0.6000","4272"
"8028","昇陽半導體","547426","25772992","46.80","47.70","46.50","46.65","0.0000","453"
"8033","雷虎","2560424","40347314","15.80","16.15","15.50","15.65","-0.7500","1285"
"8039","台虹","931955","47536300","50.60","51.30","50.60","50.70","-0.4000","654"
"8046","南電","7687119","2764496352","355.50","364.50","351.00","359.50","5.0000","5773"
"8070","長華*","1376199","44532749","32.70","32.75","32.20","32.20","-0.5000","871"
"8072","陞泰","91289","2352388","25.25","26.45","25.20","26.00","0.8500","83"
"8081","致新","845985","196238204","233.50","235.50","230.00","230.00","-3.0000","717"
"8101","華冠","232532","628373","2.59","2.75","2.59","2.70","0.1100","51"
"8103","瀚荃","1779343","73568518","42.25","42.35","40.70","41.10","-1.2500","993"
"8104","錸寶","384754","19301443","49.70","50.50","49.50","50.50","1.2000","286"
"8105","凌巨","2269406","32074226","14.45","14.45","13.90","13.90","-0.4000","990"
"8110","華東","30419569","518659193","16.75","17.40","16.55","17.05","0.6000","10004"
"8112","至上","2856182","113868151","39.65","40.00","39.60","40.00","0.4000","1376"
"8114","振樺電","63569","4469414","70.80","70.80","70.00","70.60","0.1000","65"
"8131","福懋科","399784","16022677","40.10","40.20","39.85","40.10","0.1500","238"
"8150","南茂","7620917","374341452","49.65","50.20","48.25","48.25","-1.4000","4466"
"8163","達方","1342114","58856243","44.25","44.30","43.70","43.70","-0.4500","711"
"8201","無敵","36384","363560","9.99","10.05","9.90","10.05","0.0500","26"
"8210","勤誠","324809","23709445","72.40","74.00","71.90","73.00","1.0000","207"
"8213","志超","2207212","114734543","52.00","52.30","51.60","52.30","0.3000","999"
"8215","明基材","2062180","53506911","26.30","26.35","25.65","25.65","-0.4500","1125"
"8222","寶一","200568","2793467","13.95","14.25","13.70","13.90","0.0000","184"
"8249","菱光","445280","10791116","24.20","24.40","24.05","24.40","0.2500","286"
"8261","富鼎","12526715","930681356","74.20","76.50","72.50","73.70","1.2000","7932"
"8271","宇瞻","830903","38539196","46.90","46.95","46.05","46.10","-0.6000","577"
"8341","日友","164303","34708979","211.50","211.50","210.50","211.00","-1.0000","704"
"8367","建新國際","7332200","315519804","40.50","43.55","40.00","43.55","3.9500","3642"
"8374","羅昇","450734","14038373","31.10","31.20","31.10","31.20","0.1000","242"
"8404","百和興業-KY","1573789","77361613","49.20","50.30","48.40","48.45","-0.1000","1019"
"8411","福貞-KY","652961","9863077","14.60","15.50","14.60","15.40","0.7500","261"
"8422","可寧衛","608117","107073975","177.00","177.00","175.00","176.00","0.0000","569"
"8427","基勝-KY","11419","571075","49.50","50.50","49.50","49.90","-0.6000","15"
"8429","金麗-KY","14113761","220703165","15.50","15.95","15.10","15.95","1.4500","4815"
"8442","威宏-KY","36000","1416450","39.20","39.50","39.00","39.50","0.3000","17"
"8443","阿瘦","60386","714026","11.70","11.95","11.65","11.65","-0.2000","62"
"8454","富邦媒","727089","1122610950","1485.00","1580.00","1485.00","1520.00","55.0000","1540"
"8462","柏文","52290","7593558","145.50","145.50","144.50","144.50","-1.5000","146"
"8463","潤泰材","69000","2573750","37.50","37.60","37.00","37.20","-0.3000","46"
"8464","億豐","341248","134542468","388.00","401.50","388.00","393.00","3.0000","300"
"8466","美吉吉-KY","20000","1160800","57.80","58.60","57.80","58.30","-0.1000","17"
"8467","波力-KY","1000","43150","43.15","43.15","43.15","43.15","1.1500","1"
"8473","山林水","86719","3447266","39.60","39.90","39.50","39.90","0.5000","68"
"8478","東哥遊艇","53080","2981131","56.00","56.60","55.80","56.30","0.2000","47"
"8480","泰昇-KY","4528","502414","111.00","111.00","110.50","110.50","0.0000","11"
"8481","政伸","29000","2384900","82.40","82.70","81.90","82.10","0.0000","20"
"8482","商億-KY","43000","3387800","79.40","80.80","77.60","78.00","-1.8000","29"
"8488","吉源-KY","18000","291250","16.15","16.30","16.15","16.20","-0.2000","13"
"8499","鼎炫-KY","234560","32754493","138.00","143.00","136.50","142.00","4.5000","208"
"8926","台汽電","253798","9811726","38.65","38.75","38.55","38.60","-0.0500","212"
"8940","新天地","37970","456464","11.90","12.10","11.90","12.10","-0.0500","48"
"8996","高力","122869","5659143","46.30","46.30","45.80","46.00","-0.1500","104"
"9103","美德醫療-DR","7278046","165598188","23.05","23.40","22.45","22.45","-1.1500","4007"
"910322","康師傅-DR","44000","1166500","25.60","26.60","25.60","26.50","0.5000","24"
"9105","泰金寶-DR","10702491","50276742","4.70","4.75","4.66","4.67","-0.0700","2548"
"910861","神州-DR","63000","584160","9.30","9.30","9.25","9.29","0.0500","17"
"9110","越南控-DR","444000","1329500","3.00","3.00","2.96","2.99","0.0300","111"
"911608","明輝-DR","157001","609914","3.98","3.98","3.84","3.96","0.0000","46"
"911616","杜康-DR","450249","768904","1.74","1.74","1.70","1.71","-0.0100","177"
"911622","泰聚亨-DR","273000","1628530","5.96","6.19","5.86","5.86","-0.1000","80"
"911868","同方友友-DR","445831","657201","1.48","1.49","1.45","1.47","0.0000","98"
"912000","晨訊科-DR","1194250","3254521","2.76","2.77","2.70","2.74","-0.0200","198"
"912398","友佳-DR","68154","299407","4.49","4.50","4.36","4.44","0.0800","57"
"9136","巨騰-DR","539002","4703678","8.48","8.90","8.45","8.90","0.4100","78"
"9188","精熙-DR","74000","219910","2.97","2.99","2.95","2.97","0.0000","32"
"9802","鈺齊-KY","762916","89269007","118.50","119.00","116.00","117.50","-1.0000","478"
"9902","台火","1293623","18044126","13.75","14.20","13.70","14.10","0.5000","571"
"9904","寶成","14337068","523735827","36.30","37.15","36.25","36.25","-0.1000","5922"
"9905","大華","247756","6577714","26.75","26.75","26.45","26.45","-0.3000","133"
"9906","欣巴巴","56290","2774046","50.30","50.30","49.00","49.60","-0.6000","46"
"9907","統一實","4608623","65523533","14.30","14.40","14.05","14.05","-0.1500","1413"
"9908","大台北","108292","3619415","33.40","33.50","33.35","33.45","0.0000","95"
"9910","豐泰","2019845","466611578","225.00","234.50","223.50","231.00","3.0000","971"
"9911","櫻花","829538","56656964","69.30","69.30","67.50","68.50","-0.9000","788"
"9912","偉聯","87095","794448","9.25","9.25","9.05","9.06","-0.2100","65"
"9914","美利達","626383","194604321","311.00","315.00","308.00","311.00","-1.5000","670"
"9917","中保科","289250","26816400","92.60","93.10","92.50","92.80","-0.3000","242"
"9918","欣天然","27063","1084322","40.05","40.25","39.80","40.25","0.2000","32"
"9919","康那香","1191722","40757489","34.00","34.40","34.00","34.15","-0.0500","795"
"9921","巨大","1110178","350785196","314.50","318.00","313.00","317.00","-0.5000","879"
"9924","福興","169034","7627761","45.30","45.30","44.95","45.15","-0.1500","115"
"9925","新保","149457","5785598","38.75","38.80","38.60","38.80","0.0500","111"
"9926","新海","7284","349223","47.85","48.00","47.80","48.00","0.0000","17"
"9927","泰銘","1001408","34847332","35.40","35.40","34.35","34.80","-0.6500","432"
"9928","中視","40206","221097","5.50","5.50","5.50","5.50","0.0000","14"
"9929","秋雨","31701","369644","11.85","11.85","11.60","11.60","-0.1000","27"
"9930","中聯資源","253736","11696005","46.30","46.30","45.85","46.30","-0.0500","207"
"9931","欣高","19205","759667","39.55","39.60","39.50","39.50","-0.2000","14"
"9933","中鼎","2486750","96081854","38.70","38.75","38.20","38.75","0.0000","758"
"9934","成霖","487097","8163125","16.60","16.90","16.60","16.80","0.0000","153"
"9935","慶豐富","566044","11857160","21.15","21.35","20.75","21.10","-0.1500","285"
"9937","全國","78134","3709779","47.40","47.55","47.35","47.55","-0.4000","65"
"9938","百和","11238904","1144986563","104.50","108.00","100.00","100.00","0.1000","4005"
"9939","宏全","1162716","86915400","74.10","75.30","73.60","74.70","0.4000","803"
"9940","信義","702632","21377188","30.45","30.75","30.15","30.30","-0.3500","417"
"9941","裕融","642667","89054562","138.00","139.00","138.00","138.50","0.0000","415"
"9941A","裕融甲特","10700","547839","51.20","51.20","51.20","51.20","0.0000","4"
"9942","茂順","187641","17179587","91.70","92.20","91.00","91.10","-1.1000","176"
"9943","好樂迪","102555","6536906","63.90","63.90","63.50","63.60","-0.3000","105"
"9944","新麗","368664","7941826","21.50","21.70","21.35","21.70","0.0000","190"
"9945","潤泰新","5209875","279540866","53.20","54.00","53.20","54.00","0.8000","1925"
"9946","三發地產","93812","1391030","14.95","14.95","14.75","14.80","-0.1000","68"
"9955","佳龍","477897","9071680","19.30","19.35","18.65","18.80","-0.6000","294"
"9958","世紀鋼","6653426","884039945","134.00","135.00","131.00","132.50","0.0000","4148"
